moviecommentpage,moviename
https://movie.douban.com/subject/25808075/?from=showing,<
https://movie.douban.com/subject/22266126/?from=showing,<
https://movie.douban.com/subject/22266475/?from=showing,<
https://movie.douban.com/subject/26830596/?from=showing,<
https://movie.douban.com/subject/26679188/?from=showing,<
https://movie.douban.com/subject/24753477/?from=showing,<
https://movie.douban.com/subject/26580232/?from=showing,<
https://movie.douban.com/subject/26926321/?from=showing,<
https://movie.douban.com/subject/27038183/?from=showing,<
https://movie.douban.com/subject/26862829/?from=showing,<
https://movie.douban.com/subject/25723583/?from=showing,<
https://movie.douban.com/subject/26753020/?from=showing,<
https://movie.douban.com/subject/26607693/?from=showing,<
https://movie.douban.com/subject/26363254/?from=showing,<
https://movie.douban.com/subject/27063335/?from=showing,<
https://movie.douban.com/subject/26425068/?from=showing,<
https://movie.douban.com/subject/26634179/?from=showing,<
https://movie.douban.com/subject/26381326/?from=showing,<
https://movie.douban.com/subject/26966364/?from=showing,<
https://movie.douban.com/subject/26322774/?from=showing,<
https://movie.douban.com/subject/27104249/?from=showing,<
https://movie.douban.com/subject/26426099/?from=showing,<
https://movie.douban.com/subject/27056299/?from=showing,<
https://movie.douban.com/subject/11502973/?from=showing,<
https://movie.douban.com/subject/6890751/?from=showing,<
https://movie.douban.com/subject/25851768/?from=showing,<
https://movie.douban.com/subject/25980443/?from=showing,<
https://movie.douban.com/subject/26816086/?from=showing,<
https://movie.douban.com/subject/25849480/?from=showing,<
https://movie.douban.com/subject/26264454/?from=showing,<
https://movie.douban.com/subject/26647876/?from=showing,<
https://movie.douban.com/subject/26873727/?from=showing,<
https://movie.douban.com/subject/27066362/?from=showing,<
https://movie.douban.com/subject/26692823/?from=showing,<
https://movie.douban.com/subject/11625164/?from=showing,<
https://movie.douban.com/subject/1470865/?from=showing,<
https://movie.douban.com/subject/27121234/?from=showing,<
https://movie.douban.com/subject/27093782/?from=showing,<
https://movie.douban.com/subject/25933890/?from=showing,<
https://movie.douban.com/subject/26698000/?from=showing,<
https://movie.douban.com/subject/25823277/?from=showing,<
https://movie.douban.com/subject/22232939/?from=showing,<
https://movie.douban.com/subject/26826398/?from=showing,<
https://movie.douban.com/subject/26430107/?from=showing,<
https://movie.douban.com/subject/26759539/?from=showing,<
https://movie.douban.com/subject/26790961/?from=showing,<
https://movie.douban.com/subject/26324232/?from=showing,<
https://movie.douban.com/subject/27078038/?from=showing,<
https://movie.douban.com/subject/27132379/?from=showing,<
https://movie.douban.com/subject/26969037/?from=showing,<
https://movie.douban.com/subject/27114875/?from=showing,<
https://movie.douban.com/subject/27045442/?from=showing,<
https://movie.douban.com/subject/3681613/?from=showing,<
https://movie.douban.com/subject/26956054/?from=showing,<
https://movie.douban.com/subject/20645021/?from=showing,<
https://movie.douban.com/subject/26890502/?from=showing,<
https://movie.douban.com/subject/26756119/?from=showing,<
https://movie.douban.com/subject/26752106/?from=showing,<
https://movie.douban.com/subject/26347311/?from=showing,<
