moviename,moviecommentpage
"<a onclick=""moreurl(this, {from:'mv_a_tl'})"" href=""https://movie.douban.com/subject/22266126/?from=showing"" class="""">王牌保镖</a>",https://movie.douban.com/subject/22266126/?from=showing
"<a onclick=""moreurl(this, {from:'mv_a_tl'})"" href=""https://movie.douban.com/subject/22266475/?from=showing"" class="""">惊天解密</a>",https://movie.douban.com/subject/22266475/?from=showing
"<a onclick=""moreurl(this, {from:'mv_a_tl'})"" href=""https://movie.douban.com/subject/26830596/?from=showing"" class="""">托马斯大电影之...</a>",https://movie.douban.com/subject/26830596/?from=showing
"<a onclick=""moreurl(this, {from:'mv_a_tl'})"" href=""https://movie.douban.com/subject/27063335/?from=showing"" class="""">捍卫者</a>",https://movie.douban.com/subject/27063335/?from=showing
"<a onclick=""moreurl(this, {from:'mv_a_tl'})"" href=""https://movie.douban.com/subject/25808075/?from=showing"" class="""">猩球崛起3：终...</a>",https://movie.douban.com/subject/25808075/?from=showing
"<a onclick=""moreurl(this, {from:'mv_a_tl'})"" href=""https://movie.douban.com/subject/26580232/?from=showing"" class="""">看不见的客人</a>",https://movie.douban.com/subject/26580232/?from=showing
"<a onclick=""moreurl(this, {from:'mv_a_tl'})"" href=""https://movie.douban.com/subject/24753477/?from=showing"" class="""">蜘蛛侠：英雄归...</a>",https://movie.douban.com/subject/24753477/?from=showing
"<a onclick=""moreurl(this, {from:'mv_a_tl'})"" href=""https://movie.douban.com/subject/27038183/?from=showing"" class="""">羞羞的铁拳</a>",https://movie.douban.com/subject/27038183/?from=showing
"<a onclick=""moreurl(this, {from:'mv_a_tl'})"" href=""https://movie.douban.com/subject/26926321/?from=showing"" class="""">缝纫机乐队</a>",https://movie.douban.com/subject/26926321/?from=showing
"<a onclick=""moreurl(this, {from:'mv_a_tl'})"" href=""https://movie.douban.com/subject/26862829/?from=showing"" class="""">芳华</a>",https://movie.douban.com/subject/26862829/?from=showing
"<a onclick=""moreurl(this, {from:'mv_a_tl'})"" href=""https://movie.douban.com/subject/25723583/?from=showing"" class="""">英伦对决</a>",https://movie.douban.com/subject/25723583/?from=showing
"<a onclick=""moreurl(this, {from:'mv_a_tl'})"" href=""https://movie.douban.com/subject/26753020/?from=showing"" class="""">空天猎</a>",https://movie.douban.com/subject/26753020/?from=showing
"<a onclick=""moreurl(this, {from:'mv_a_tl'})"" href=""https://movie.douban.com/subject/26634179/?from=showing"" class="""">刀剑神域：序列...</a>",https://movie.douban.com/subject/26634179/?from=showing
"<a onclick=""moreurl(this, {from:'mv_a_tl'})"" href=""https://movie.douban.com/subject/26679188/?from=showing"" class="""">天梯：蔡国强的...</a>",https://movie.douban.com/subject/26679188/?from=showing
"<a onclick=""moreurl(this, {from:'mv_a_tl'})"" href=""https://movie.douban.com/subject/26607693/?from=showing"" class="""">敦刻尔克</a>",https://movie.douban.com/subject/26607693/?from=showing
"<a onclick=""moreurl(this, {from:'mv_a_tl'})"" href=""https://movie.douban.com/subject/26425068/?from=showing"" class="""">追龙</a>",https://movie.douban.com/subject/26425068/?from=showing
"<a onclick=""moreurl(this, {from:'mv_a_tl'})"" href=""https://movie.douban.com/subject/26381326/?from=showing"" class="""">昆塔：反转星球...</a>",https://movie.douban.com/subject/26381326/?from=showing
"<a onclick=""moreurl(this, {from:'mv_a_tl'})"" href=""https://movie.douban.com/subject/26966364/?from=showing"" class="""">理查大冒险</a>",https://movie.douban.com/subject/26966364/?from=showing
"<a onclick=""moreurl(this, {from:'mv_a_tl'})"" href=""https://movie.douban.com/subject/26363254/?from=showing"" class="""">战狼2</a>",https://movie.douban.com/subject/26363254/?from=showing
"<a onclick=""moreurl(this, {from:'mv_a_tl'})"" href=""https://movie.douban.com/subject/26322774/?from=showing"" class="""">纯洁心灵·逐梦...</a>",https://movie.douban.com/subject/26322774/?from=showing
"<a onclick=""moreurl(this, {from:'mv_a_tl'})"" href=""https://movie.douban.com/subject/26426099/?from=showing"" class="""">极致追击</a>",https://movie.douban.com/subject/26426099/?from=showing
"<a onclick=""moreurl(this, {from:'mv_a_tl'})"" href=""https://movie.douban.com/subject/26816086/?from=showing"" class="""">银魂</a>",https://movie.douban.com/subject/26816086/?from=showing
"<a onclick=""moreurl(this, {from:'mv_a_tl'})"" href=""https://movie.douban.com/subject/27056299/?from=showing"" class="""">那一场呼啸而过...</a>",https://movie.douban.com/subject/27056299/?from=showing
"<a onclick=""moreurl(this, {from:'mv_a_tl'})"" href=""https://movie.douban.com/subject/27104249/?from=showing"" class="""">画室惊魂</a>",https://movie.douban.com/subject/27104249/?from=showing
"<a onclick=""moreurl(this, {from:'mv_a_tl'})"" href=""https://movie.douban.com/subject/26264454/?from=showing"" class="""">声之形</a>",https://movie.douban.com/subject/26264454/?from=showing
"<a onclick=""moreurl(this, {from:'mv_a_tl'})"" href=""https://movie.douban.com/subject/26692823/?from=showing"" class="""">建军大业</a>",https://movie.douban.com/subject/26692823/?from=showing
"<a onclick=""moreurl(this, {from:'mv_a_tl'})"" href=""https://movie.douban.com/subject/22232939/?from=showing"" class="""">大耳朵图图之美...</a>",https://movie.douban.com/subject/22232939/?from=showing
"<a onclick=""moreurl(this, {from:'mv_a_tl'})"" href=""https://movie.douban.com/subject/27121234/?from=showing"" class="""">谜证</a>",https://movie.douban.com/subject/27121234/?from=showing
"<a onclick=""moreurl(this, {from:'mv_a_tl'})"" href=""https://movie.douban.com/subject/25849480/?from=showing"" class="""">赛车总动员3：...</a>",https://movie.douban.com/subject/25849480/?from=showing
"<a onclick=""moreurl(this, {from:'mv_a_tl'})"" href=""https://movie.douban.com/subject/10807909/?from=showing"" class="""">智取威虎山</a>",https://movie.douban.com/subject/10807909/?from=showing
"<a onclick=""moreurl(this, {from:'mv_a_tl'})"" href=""https://movie.douban.com/subject/6041200/?from=showing"" class="""">钱学森</a>",https://movie.douban.com/subject/6041200/?from=showing
"<a onclick=""moreurl(this, {from:'mv_a_tl'})"" href=""https://movie.douban.com/subject/26647876/?from=showing"" class="""">地球：神奇的一...</a>",https://movie.douban.com/subject/26647876/?from=showing
"<a onclick=""moreurl(this, {from:'mv_a_tl'})"" href=""https://movie.douban.com/subject/11502973/?from=showing"" class="""">星际特工：千星...</a>",https://movie.douban.com/subject/11502973/?from=showing
"<a onclick=""moreurl(this, {from:'mv_a_tl'})"" href=""https://movie.douban.com/subject/26756119/?from=showing"" class="""">追击</a>",https://movie.douban.com/subject/26756119/?from=showing
"<a onclick=""moreurl(this, {from:'mv_a_tl'})"" href=""https://movie.douban.com/subject/25851768/?from=showing"" class="""">魔都爱之十二星...</a>",https://movie.douban.com/subject/25851768/?from=showing
"<a onclick=""moreurl(this, {from:'mv_a_tl'})"" href=""https://movie.douban.com/subject/26757951/?from=showing"" class="""">会痛的十七岁</a>",https://movie.douban.com/subject/26757951/?from=showing
"<a onclick=""moreurl(this, {from:'mv_a_tl'})"" href=""https://movie.douban.com/subject/6890751/?from=showing"" class="""">初恋时光</a>",https://movie.douban.com/subject/6890751/?from=showing
"<a onclick=""moreurl(this, {from:'mv_a_tl'})"" href=""https://movie.douban.com/subject/26752106/?from=showing"" class="""">黑白迷宫</a>",https://movie.douban.com/subject/26752106/?from=showing
"<a onclick=""moreurl(this, {from:'mv_a_tl'})"" href=""https://movie.douban.com/subject/1470865/?from=showing"" class="""">失业生</a>",https://movie.douban.com/subject/1470865/?from=showing
"<a onclick=""moreurl(this, {from:'mv_a_tl'})"" href=""https://movie.douban.com/subject/26956054/?from=showing"" class="""">请勿靠近</a>",https://movie.douban.com/subject/26956054/?from=showing
"<a onclick=""moreurl(this, {from:'mv_a_tl'})"" href=""https://movie.douban.com/subject/25980443/?from=showing"" class="""">海边的曼彻斯特...</a>",https://movie.douban.com/subject/25980443/?from=showing
"<a onclick=""moreurl(this, {from:'mv_a_tl'})"" href=""https://movie.douban.com/subject/26430107/?from=showing"" class="""">二十二</a>",https://movie.douban.com/subject/26430107/?from=showing
"<a onclick=""moreurl(this, {from:'mv_a_tl'})"" href=""https://movie.douban.com/subject/3681613/?from=showing"" class="""">大闹天宫</a>",https://movie.douban.com/subject/3681613/?from=showing
"<a onclick=""moreurl(this, {from:'mv_a_tl'})"" href=""https://movie.douban.com/subject/25933890/?from=showing"" class="""">极盗车神</a>",https://movie.douban.com/subject/25933890/?from=showing
"<a onclick=""moreurl(this, {from:'mv_a_tl'})"" href=""https://movie.douban.com/subject/27078038/?from=showing"" class="""">怪物岛</a>",https://movie.douban.com/subject/27078038/?from=showing
"<a onclick=""moreurl(this, {from:'mv_a_tl'})"" href=""https://movie.douban.com/subject/26826398/?from=showing"" class="""">杀破狼·贪狼</a>",https://movie.douban.com/subject/26826398/?from=showing
"<a onclick=""moreurl(this, {from:'mv_a_tl'})"" href=""https://movie.douban.com/subject/11625164/?from=showing"" class="""">奋斗</a>",https://movie.douban.com/subject/11625164/?from=showing
"<a onclick=""moreurl(this, {from:'mv_a_tl'})"" href=""https://movie.douban.com/subject/27099258/?from=showing"" class="""">阿婆的槟榔</a>",https://movie.douban.com/subject/27099258/?from=showing
"<a onclick=""moreurl(this, {from:'mv_a_tl'})"" href=""https://movie.douban.com/subject/27066362/?from=showing"" class="""">娘子军传奇</a>",https://movie.douban.com/subject/27066362/?from=showing
"<a onclick=""moreurl(this, {from:'mv_a_tl'})"" href=""https://movie.douban.com/subject/27132412/?from=showing"" class="""">遗忘空间</a>",https://movie.douban.com/subject/27132412/?from=showing
"<a onclick=""moreurl(this, {from:'mv_a_tl'})"" href=""https://movie.douban.com/subject/26759539/?from=showing"" class="""">十万个冷笑话2...</a>",https://movie.douban.com/subject/26759539/?from=showing
