commenter_co,commenter_name,commenter_page,commenter_star,commenter_zan
" 个人认为比夏洛更有层次，马丽简直喜剧界斯大林，笑声是制裁性的
        ",辣眼看电视,https://www.douban.com/people/151784886/,推荐,3445
" 可能这种电影存在的意义就是为了某些资本洗黑钱的吧
        ",傲寒,https://www.douban.com/people/138954658/,2017-10-01 10:42:16,19
" 开心麻花回归纯粹的喜剧路线，马丽出场一开口就忍不住笑了…变身后进入女浴室的狂欢，达到全片最高潮，“好运来”莫名的喜庆，吴良太帅！2017版《你的名字》+《摔跤吧爸爸》+《激战》。“是不是有种恍然大明白的感觉？”哈哈哈…
        ",影志,https://www.douban.com/people/tjz230/,推荐,2046
" 十一档票房冠军！比「夏洛特」好，马丽表演真的很厉害！要说Bug，可能就是拜师学艺后，练了那么久拳击的艾伦怎么还是一肚子囊肉，完全不符合人设呀....
        ",朝阳区白百合,https://www.douban.com/people/50060410/,还行,1729
" 事实证明，只要价值观不歪，开心麻花的喜剧还是很上乘的
        ",刘十九,https://www.douban.com/people/4901199/,推荐,1917
" 抱着打三颗星的预期看的，没想到这电影给了我五颗星的惊喜。真的好看，把反转运用到极致，笑点密集，差点笑断气。好电影能说服你吃下一切剧情，性转CP我吃下了，两个中年大老爷卖腐我吃下了，连杀马特耍帅我也吃下了……马丽太帅了，沈腾帅不过三秒，全片都很酷，燃得我都想去打拳了。
        ",小烨,https://www.douban.com/people/3984361/,力荐,1453
" 剧情老人设老桥段老，但是没耽误好笑，男主演得居然真可以，娘得自然娘得清新，有的角度还有点像盗版李易峰。鼓励性四星
        ",黄青蕉,https://www.douban.com/people/sakimay/,推荐,1128
" 。。。
        ",红藕香残玉簟秋,https://www.douban.com/people/127437486/,2017-10-03 15:57:31,0
" GOGO POWER RANGERS
        ",        柒。,https://www.douban.com/people/154141451/,2017-10-03 18:44:22,0
" cosplay服装
        ",基本粒子,https://www.douban.com/people/162672445/,2017-10-02 12:03:24,1
" 怕想猎杀的是宅男群体吧
        ",何小二,https://www.douban.com/people/159186254/,2017-09-30 09:51:08,0
" 休想！！
        ",闲来扯淡,https://www.douban.com/people/160968490/,2017-10-01 13:59:48,0
" 你当我是浮夸吗
                
                ",厄喏,https://www.douban.com/people/164733583/,2017-09-30 22:33:03,0
" 始终没办法喜欢开心麻花的电影，满场尴尬到不行。甚至在身体互换梗这个题材里，也不算特别突出的，笑点的打磨程度，远不如夏洛特，虽然那部也挺奇怪的。开心麻花的问题始终是，你能感觉到他们卖力在演，一直出戏。
        ",桃桃淘电影,https://www.douban.com/people/qijiuzhiyue/,还行,558
" 没有生硬的堆砌网络段子，没有尴尬的零演技小花鲜肉，没有像群英会一样请大牌演员客串......也许开心麻花没有做的特别优秀，但是犯的错误比同行少，就已经成功了一半吧。长评：https://movie.douban.com/review/8835503/
        ",大海里的针,https://www.douban.com/people/65569388/,推荐,979
" 太可怕了。周围所有人笑到抽筋癫狂背过气儿，然后我在中间看着银幕像个傻逼，史上观影经历最魔幻现实的一次。
        ",杨欢喜Metiche,https://www.douban.com/people/metiche/,很差,467
" 薛皓文和樊野长得一毛一样！！！
        ",海边的卡夫卡,https://www.douban.com/people/zcs1222/,还行,335
" 大失所望，连这种身份互置喜剧的平均水准都达不到，所谓演过好几百场、千锤百炼的笑点全都是廉价无聊老掉牙的性笑话和周星驰。亏得马丽和艾伦老师的演技撑场啊，否则就是一星的货。对了，再重申一遍，驴得水不是开心麻花的作品。
        ",m89,https://www.douban.com/people/duzhouchi/,较差,409
" 尹正那五秒客串太令人心痛了！已经从一剪梅变成一剪肥了！
        ",王大根,https://www.douban.com/people/diewithme/,推荐,342
" 和我一样有恐怖感的请点“有用”。
        ",慕容七,https://www.douban.com/people/19296065/,2017-09-21 01:51:45,34
" 这种东西居然能上映?
        ",D.wade,https://www.douban.com/people/156912551/,2017-09-29 20:14:33,0
" 我其实想看的是 。。。。。本。。本子
        ",LUQK,https://www.douban.com/people/159948345/,2017-10-02 22:19:38,0
" 我
        ",开心果,https://www.douban.com/people/167557414/,2017-10-03 15:05:50,0
" 都是小孩子，搞那么大，违和感
        ",摆姿势,https://www.douban.com/people/88088287/,2017-10-03 12:30:30,0
" 十月烂片季已经来了
        ",Story,https://www.douban.com/people/167472551/,2017-10-01 17:19:23,0
" 战队性质的吗？
                
                ",TaoHuang0924,https://www.douban.com/people/148936481/,2017-10-01 09:28:36,0
" 开心麻花的东西说实话，不叫电影
        ",马田史高,https://www.douban.com/people/59025385/,很差,342
" 非常老套也非常尴尬的喜剧，真的受不了沈腾夸张的表情，不，是所有演员夸张的表情
        ",小时候可牛B了,https://www.douban.com/people/56055715/,较差,380
" 6.8/10三星半，真正的喜剧，旁边的导演朋友和周黎明全程都笑岔气了。类型和定位很明确，开心麻花每部电影的背后都是上百场舞台剧的演出经验，剧本的笑点每场都在根据观众的反应在调整，上百场之后绝对是一个笑点密集的喜剧剧本，电影拍起来会容易很多，虽然剧作也偏弱，但已经是这个档期最好喜剧片了。
        ",二月鸟语,https://www.douban.com/people/p2165/,推荐,491
" 全程保持尴尬又不失礼貌的微笑
        ",我爱罗宾,https://www.douban.com/people/49867478/,2017-09-30 11:00:22,332
" 只有沈腾的部分好笑，其他部分真是腻歪。主要是这个互换身体的老梗并没什么新花样～还有最致命的是全片审美太low了…
        ",华盛顿樱桃树,https://www.douban.com/people/49213881/,较差,281
" 看了点映。全程笑点不断，而且完全不尬，是真的逗，bgm也都恰到好处，乐的我出了电影院还在回味。大情节上确实有俗套的地方，不过这已经不重要了，重要的是，下了班喝了酒的晚上 看了这样一部电影，觉得轻松又快乐～ 多一星给当天晚上的我们。
        ",Violin.,https://www.douban.com/people/Viooolin/,力荐,428
" 这个脸有点精神污染..
        ",阿噗不高兴,https://www.douban.com/people/146256272/,较差,25
" 因为儿子这段时间超级迷托马斯，因此下了这部电影，在无字幕，无中文配音的艰苦条件下，连续3天重复看了N遍，故事情节紧凑，音效，画面都很好。
尤其是对比现在国内的动画片，简直没法比，尤其是配乐和情节，还有画面色彩，对于孩子来说，接触此类电影可以开发思维。
        ",Jane,https://www.douban.com/people/10337683/,力荐,26
" 成人和孩子视角不同会对片子评价大相径庭，成人嫌弃孩童欢腾。托马斯潜移默化的陪伴以及对小朋友成长阶段出现的小问题提出并矫正，赞~小朋友对新角色勇宝接受度还挺高
        ",姹紫嫣红开遍。,https://www.douban.com/people/44551171/,推荐,11
" 看起来像恐怖片，脸吓人，个人意见勿喷
        ",喵小琰,https://www.douban.com/people/49434155/,2017-09-18 14:54:47,6
" 面部表情僵化，只会动眼珠子，台词就那么几句，小孩子也不是这么糊弄的
        ",气质哥,https://www.douban.com/people/154596149/,很差,11
" 中国火车头勇宝竟然没得冠军！
        ",大黑骡子,https://www.douban.com/people/daheiluozi/,2017-09-23 23:49:50,3
" 我们华夏的烂片还要出多少？无演技无剧情无底线？
        ",Detroit.,https://www.douban.com/people/165496586/,2017-10-01 08:26:47,0
" 好想毫不犹豫的打一星，虽然还没看
        ",小明,https://www.douban.com/people/138215966/,2017-09-30 13:41:13,0
,,,,
,,,,
,,,,
" 夏洛虽披着扭曲的价值观强行“感动”令人尴尬，索性还有不同凡响的笑料，这次抛弃情怀直接裸奔，预告片将全片笑点一网打尽。娘娘腔梗是主线，人物精分随手就来，变身后缺乏性格转变的挖掘，女主“被利用”这个很关键的节点竟然毫无说明糊弄过去了，情节像其中毫无眼泪的干嚎哭戏一般虚假、无趣、粗糙。
        ",很爱很爱老咪,https://www.douban.com/people/laomi92/,很差,195
" 没有找到哪怕一丝一毫的亮点，一下也没笑出来，十一档看了两部踩了两颗雷，心疼电影票钱
        ",北瓛,https://www.douban.com/people/FootageMania/,很差,208
,,,,
,,,,
" 开头中国火车植入太强，最后有种坐在幼儿园教室的感觉。剧情啰嗦，但色彩好美。
        ",mumudancing,https://www.douban.com/people/mumudancing/,还行,3
" 勇宝强势插入，但只来得及做二维，且故事太北方；片长对小孩算适中，最后一段复述情节略敷衍；问答部分全场小孩都很投入，有点幼儿园教室的感觉，也很适合几十座小影厅下午排期做亲子场，看完刚好离场吃晚饭；歌曲没有配中文版小孩不一定懂
        ",逆风飞扬,https://www.douban.com/people/slowlycontinue/,推荐,1
" 教条太多
        ",jasper的迷姐,https://www.douban.com/people/159306302/,很差,1
" 小时候一度被托马斯吓到过
        ",红藕香残玉簟秋,https://www.douban.com/people/127437486/,还行,1
" 陪女儿去看的
                
                ",冬至,https://www.douban.com/people/Innerplant/,2017-09-29 02:02:40,0
" 介绍里说托马斯和来自中国的勇宝展开了友谊之旅，那么起码是围绕他们开始剧情。但其实勇宝只是在开头阶段用一段手绘动画介绍了几分钟，一看就是为中国上映而特别临时增加的。似乎很重视中国，但更像是骗人。
        ",文木,https://www.douban.com/people/skylk2000/,还行,4
" 小朋友喜欢
        ",御剑乘风,https://www.douban.com/people/50560714/,推荐,0
" 脸。。。有时候莫名丑萌
        ",长歌行,https://www.douban.com/people/138633457/,还行,1
" 2017-9-23 Saturday 星星看的第一场电影。对于离火车头早已遥远的现代生活，不知道孩子们是否能够理解。不过能不吵不闹看完，看来还是很吸引他的。
        ",包包,https://www.douban.com/people/shuiqi/,推荐,0
" 一直不喜欢这个动漫形象（单指画风），但是故事啊角色塑造都不错。
        ",张菩菩,https://www.douban.com/people/2044324/,推荐,0
" 其实还蛮有意思的，就是太短了
        ",julie妮妮,https://www.douban.com/people/37824043/,还行,0
" 嗯……感觉还没有电视好看，中国火车头强硬植入却没有剧情，让人怀疑是中国特供版。
        ",羊男,https://www.douban.com/people/suzichong/,还行,0
" 如果说被娃叫醒两次是代沟问题，旁边小朋友看到一半就要回家怎么说🤔
        ",Katherine,https://www.douban.com/people/2705746/,还行,0
,,,,
,,,,
" 导演，如果这里面有堕胎你就会怀孕。敢不敢赌一把
                
                ",丿小炫,https://www.douban.com/people/63474968/,2017-06-01 05:15:58,64
" 很多导演心目中的青春是啥？是热血，是暴力，是矫揉做作，甚至是踏马杀人。
        ",金评媒,https://www.douban.com/people/132658495/,2017-07-31 13:59:09,31
" 特别出演的觉宝到底是多特别，镜头不超过两分钟就不看了
        ",我叫小阿宁,https://www.douban.com/people/52619679/,2017-06-04 14:08:22,6
" 刚刚在北京百丽宫看过，虽然是活动票，但我还是忍不住说太烂了！不过还是希望导演能够慢慢的进步。各种狗血，导演的各种构思想法还是不错的，可是，能力有限，撑不起来。穿插一些青春的歌曲，以及数场飙摩托车的戏份，可依然表现无力。本想打一星的，可想想国内的年轻导演还是需要鼓励的吧。多给一星。
        ",wujianxingzhe,https://www.douban.com/people/63044125/,2017-09-14 22:03:26,10
" 黑社会也有青春
        ",pollyanna,https://www.douban.com/people/chickying/,2017-08-15 15:56:33,6
" 预告片看了很对味，有点类似《少年巴比伦》，李梦真是又美又会演！一定会去看！
                
                ",慢先森,https://www.douban.com/people/mr.slow/,2017-10-03 17:03:38,0
" 刚看了点映，不剧透，这是一部可以看的青春电影
        ",lupeng-love,https://www.douban.com/people/4891432/,2017-09-10 18:33:25,13
" 这一天是我生日 我不知道有多喜欢李梦
        ",周一,https://www.douban.com/people/154309071/,2017-07-20 12:01:09,4
" 推荐人认为""每种青春都值得书写""，底下评论对此不买账(校园暴力/大多数人两点一线的青春)…
        ",渡上飞草,https://www.douban.com/people/61471589/,2017-07-01 10:13:22,3
" 恶心死我了，说想看好看的，点开一看，全是刚注册的水军
        ",丁丁的大丁丁,https://www.douban.com/people/139235676/,2017-09-10 07:19:45,5
" 看
        ",红藕香残玉簟秋,https://www.douban.com/people/127437486/,2017-10-03 15:53:02,0
" 确定片名不是抄袭B哥的《被禁忌的游戏》？？？
        ",布鲁克林有棵树,https://www.douban.com/people/cmj1994/,2017-09-25 15:52:12,10
" 觉宝上次微博宣传的就是这部剧嘛？回头得看看
        ",叮当没有猫,https://www.douban.com/people/46382710/,2017-06-17 01:16:03,2
" 观望
        ",sam,https://www.douban.com/people/samsyu/,2017-09-26 16:29:10,0
" 卜冠今
        ",扬兮婉兮,https://www.douban.com/people/148049289/,2017-07-19 08:20:47,4
" 我和青春有个约定
        ",小杨树,https://www.douban.com/people/yjhxiaoyangshu/,2017-07-11 10:36:48,1
" http://mp.weixin.qq.com/s/p89eokv1rPduYRPWhTlMzg院长
        ",影王,https://www.douban.com/people/155371155/,2017-09-18 08:06:36,3
" 看起来很硬朗，是暗黑暗黑的青春，还是有点期待!
        ",林檎的苹果园,https://www.douban.com/people/mickyququ/,2017-09-18 12:00:30,0
" 微博热搜吸引过来的。这片子热搜上被誉为9分神片。看了下预告，可能是买的热搜吧。尴尬的青春片。

        ",Rick,https://www.douban.com/people/107012290/,2017-10-01 17:24:01,0
" ppt一般的预告 正片就一定能好？
        ",mitou,https://www.douban.com/people/57837125/,2017-09-19 21:44:54,1
,,,,
" 这片配大张伟真是绝配！抄袭圈的银河战舰啊！
        ",创造者1412,https://www.douban.com/people/56328904/,很差,158
" 这还不叫抄袭？
        ",海豚小北,https://www.douban.com/people/71918561/,很差,93
" 非常恶心的作品。还能锁分不给人看？
        ",大世界之王,https://www.douban.com/people/140382106/,很差,73
" 首先，这不是特摄片，而是动画片。然后，奥特曼基本打酱油，主角是特么的什么铁甲飞龙。第三，动画制作非常糟糕，简单且黑糊糊一片。剧情也非常傻逼，角色们全程嘴炮讲人生哲学，小朋友都看到全程打滚。配音很厉害，几个飞龙战士连合体唱词都喊不齐，可以的。大张伟老师声音辨识度极高，很出戏。
        ",桃桃淘电影,https://www.douban.com/people/qijiuzhiyue/,很差,60
" 无耻到这种地步
        ",淡夏轨迹,https://www.douban.com/people/42532242/,很差,104
" 别给奥特曼抹黑，大张伟我这么说吧，低俗无下限
        ",rafeal,https://www.douban.com/people/84666095/,很差,105
" 烂糊奥特曼：我是农民的儿子，穷怕了
        ",爱你，小姐姐,https://www.douban.com/people/153122149/,很差,38
" 不尊重版权
                
                ",😻猫球球,https://www.douban.com/people/cocomademoisell/,很差,87
" 今天刚带孩子去电影院看了，孩子很高兴，对我说，以后也要像奥特曼一样惩恶扬善。所以在我看到网上那么多谩骂这部电影的时候，我想多说一句，这部电影本来就是给小朋友看的，那些成年人你们看过没，就随波逐流乱写评价。
孩子看的高兴，我觉得就够了，不需要什么大道理可讲！
        ",猫小样儿,https://www.douban.com/people/huangjx1030/,推荐,133
" 比什么《十万个冷笑话》好看多了
        ",临冬城的狮子,https://www.douban.com/people/131719688/,还行,17
" 赵部长，你变了，你竟然拿那两个亿去拍电影
        ",Lovemoo,https://www.douban.com/people/144804999/,很差,26
" 回应猫小样儿：你孩子要维护正义是好事，但别忘了，侵权是一件与正义相反的事情。我完全没有发现圆谷株式会社的名字。
        ",七月在野,https://www.douban.com/people/159493588/,很差,21
" 现在中国的电影吃相都这么难看了吗？拿着抄来的东西说“我们没有侵权，这是我们的原创国产电影”，这么侮辱观众的智商是要有报应的，所谓的版权来源都在泰国蹲大牢啊，好意思说是正版授权？还有，你管那玩意儿叫奥特曼？
        ",飞翔的亨德森,https://www.douban.com/people/120229461/,很差,46
" 带着小盆友一起看的这部电影，非常棒，小孩听说看电影，那是老喜欢了，哈哈，奥特曼也让我找到了我的童年，和邻居的小伙伴打打闹闹，聚在一起无忧无虑的日子。真的好怀念那段岁月，现在长大了，忧愁多了，偶尔看个电影轻松一下～p.s.大张伟不错，配得很棒，赞呢
        ",韦小宝me,https://www.douban.com/people/27521612/,推荐,120
" 真的是，奥特曼本人…另外，怪兽的吼声，也是哥斯拉本音…
        ",法兰西胶片,https://www.douban.com/people/flxjp/,2017-09-24 21:03:41,24
" 再见奥特曼
        ",一粒米,https://www.douban.com/people/guoyeh/,很差,36
" 。。。为何不请些专业配音演员，而请些配得一塌糊涂的明星呢？
        ",权鸡鸡_,https://www.douban.com/people/leonislyu/,很差,36
" 奥特曼到底在这里是好是坏啊，大张伟配音的小星真搞笑。四岁半孩子看有点害怕。
        ",莹小宝,https://www.douban.com/people/benbenmuxi/,较差,18
" 值得共享《汽车人总动员》在我这里的打分待遇，以及，某个配音和这部电影真是相得益彰，杨洋的油腻是菜籽油，这个人的油腻是猪油
        ",indicent time,https://www.douban.com/people/51061132/,很差,8
" 1星都不想给，正在电影院里，很多小朋友在看，太多暴力情节和大人都不喜欢的梗，太失望了。
                
                ",蓝色耳朵,https://www.douban.com/people/55557517/,很差,27
,,,,
,,,,
" 音乐好听的电影都不会差，彝族方言版的《蓝色卡拉萝》是今年电影院听到最好听的主题曲，没有之一了。
        ",团小纸,https://www.douban.com/people/skymoto/,推荐,34
" 剧作大框架完全按照好莱坞的结构来起承转合，也有看到小黄人、愤怒小鸟、怪兽大学的影子。就制作而言真的很良心了，当然差距依然存在，但我觉得不在于完成度，是成熟度。
        ",levitating,https://www.douban.com/people/levitating/,还行,27
" 二头身阿凡达山寨片…打算后续开发游戏吗？
        ",恶魔的步调,https://www.douban.com/people/Len./,还行,3
" 根本不欢乐  只有勇敢 没有智慧 剧情依然低龄单薄 制作和歌还不错 整体比阿唐奇遇差点  最后一部要翻身逆天才行了
        ",澐趐,https://www.douban.com/people/wensiyu/,较差,5
" 完全看不下去
        ",凤影妮窝,https://www.douban.com/people/40424240/,很差,10
" 视觉效果极佳，反映出国产动画片的长足进步。故事是励志型，热血加勇气，战胜一切不可能……
        ",风之影,https://www.douban.com/people/colorwind/,推荐,25
" 续篇反转的不仅是一个新的适宜地球人居住的开普勒星，更有昆塔之后新一代人的热血继承。
        ",绯色_神仙,https://www.douban.com/people/77869650/,推荐,13
" 困死了
        ",澳大利亚喂袋鼠,https://www.douban.com/people/18021724/,还行,3
" 难得剧情不错
        ",有若,https://www.douban.com/people/ruospring/,推荐,14
" 脑洞大开的想象世界，绚丽多彩，场面也是很完美了，毕竟是摄影专业出生的导演，保证了电影的画面，还带来了一些新的创意和元素。
        ",390348839,https://www.douban.com/people/62094946/,力荐,18
" 太惊喜，视效堪称国产动画的里程碑，细微到发丝颗粒，瞳孔纹理。沙漠渐变成海浪的那一刻，毛孔都被触动得浑身激灵。良心之作《昆塔：反转星球》，关于勇气和信念的童话，献给奋力拼搏的你。

容许我强行安利：不看这部电影，你不会死。但是你看过的话，你会更加勇敢的活下去。
        ",顾海堂,https://www.douban.com/people/146342161/,力荐,20
" 超出预期，确实有能打动到我的点，小主角的勇气非常感人。制作也很精良。希望这个世界上的付出都能有回报。
        ",孙悟空,https://www.douban.com/people/42241228/,推荐,13
" 有点意外，制作很精良，对于外星世界的描绘和蒸朋风格机械的设计很令人欣喜。最爱的还是那首彝族歌曲，太美了，很成功塑造出既熟悉又陌生的感受，带领我一秒进入外星异世界，同时又充满怀恋家乡的感伤。
是一部真正的科幻片，适合寻找勇气的孩子们。
        ",小姬,https://www.douban.com/people/jishaoting/,推荐,19
" 科幻、蒸汽朋克，场景满分，配乐满分，原创音乐“蓝色卡拉萝”超好听。
        ",残风,https://www.douban.com/people/65915294/,力荐,15
" 大脸是萌，方脸是萌，大嘴是萌，大脚是萌，腿短是萌，矮是萌，圆也是萌~~
嘤嘤嘤，什么都干得出来的人类啊，为什么那么萌放到乃们身上全部都不行了呢
        ",颜禾,https://www.douban.com/people/4288733/,还行,7
" 少数可以拿得出手的国产动画之一 无论是特效还是人物设计都超过预想 话说几乎每一个动画片的女主都能吸引我 嘎嘎好可爱的说！
        ",Smurfette,https://www.douban.com/people/74091502/,力荐,11
" 惊艳
        ",几千块,https://www.douban.com/people/jqk4388/,推荐,11
" 和小朋友一起看的点映场，视觉特效故事都有了，音乐好听，喜感元素也有点缀，rap 嗨歌和发现母树这两段很棒，国产动画鼓励3星半。
        ",Chansuwa,https://www.douban.com/people/63858929/,推荐,14
" 朋友带我去看的，结果睡着了……真对不住（。
        ",蛋腚君,https://www.douban.com/people/ailanyiying/,较差,2
" 看了点映,太热闹了，现场的绿帽玩偶小孩子喜欢死了，超级Q。画面很棒，说真的，不输好莱坞的那些巨制动画，讲故事节奏还有待提高。无论如何，国产动画粗制乱造的太多，这部作品已经非常良心，值得去看。
        ",baby4444,https://www.douban.com/people/baby4444/,力荐,18
,,,,
,,,,
" 是谁给刘涛这个角色起名叫“林保怡”的……
        ",刘十九,https://www.douban.com/people/4901199/,还行,928
" 上访大爷怒怼爱尔兰政客，手撕恐怖分子，腐国坐收渔利的故事，不一样的成龙，也是近几年最好的成龙。马丁坎贝尔对电影节奏和情绪铺陈驾驭不错，简单的剧情完成度很高，黑暗边缘+特工爷爷+非法制裁，成龙刻意作出的老态脱俗无伤，唯有打斗还能看到昔日大哥的影子。成龙还能打，只不过换了风格
        ",乌鸦火堂,https://www.douban.com/people/dreamfox/,推荐,1101
" 其实除了关玉明，被侄子睡了老婆、找的情人还是眼线，而且时时刻刻在背锅的007也深深值得大家同情，不是吗？
        ",方枪枪,https://www.douban.com/people/yalindongdong/,还行,712
" 成龙近年最佳之作。虽然龙叔平时很搞笑，但其实真正的演员是可以想笑就笑，想严肃就严肃的，他就是。我在这里面记住的不只是成龙，还有主角关玉明。奥斯卡终身成就奖没的说，只是龙叔老了，未来的接班人又在何处呢？想让他年轻十岁。五星，多一星给龙叔对电影的热爱和玩命的业务能力。
        ",巴啦啦小魔仙,https://www.douban.com/people/54907599/,力荐,1174
" 成龙本身没毛病，他这几年的个人最佳。但影片依然不够好，问题在于成龙角色的尴尬地位。这本质是一部政治惊悚片，大多情节张力来源于抽丝剥茧看清真相，复仇太过简单，按理说只是B故事，非要拍成双线并进，就让成龙的角色非常难处理。于是主角动机说不清，行为不合理等问题纷纷暴露，成为最大缺憾。
        ",吃胶片的考拉,https://www.douban.com/people/thegreatkoala/,还行,435
" 成龙流水线里还比较精彩的一部，马丁·坎贝尔的调度还不错，63岁的成龙作品还能有这样的完成度，真的是努力的前辈。
        ",团小纸,https://www.douban.com/people/skymoto/,推荐,722
" 更新了最短流泪时间，开场五分钟我就哭的不行了。这个男人，再不是那个神勇无敌的英雄，而是一个失去女儿绝望的父亲，一个只想查明真相手刃仇人的受害者。这一次，落在我心上的，不是大哥利落的拳脚，而是他眼角的眼泪，眼里的悲伤。但影片并不是完全压抑的，还掺杂着英式黑色幽默，因果报应，环环相扣
        ",一口吃掉小蛋糕,https://www.douban.com/people/cheesecakehouse/,力荐,521
" 三星半，并不是典型的成龙功夫片，其实他更像是一个功能型角色，整部电影的设定还是一个典型的政治惊悚片路数，不过，由于有成龙的加盟，使得这部电影在动作部分变得更精彩。这也是成龙这些年表演得最严肃的一回，非典型成龙。唯一的遗憾是成龙与布鲁斯南两条线的互动与必要性还是不够，缺点关联
        ",桃桃淘电影,https://www.douban.com/people/qijiuzhiyue/,推荐,190
" 第二个彩蛋简直了。不剧透了自己体会
        ",shiki,https://www.douban.com/people/53179231/,推荐,5201
" 上一次见到这样的成龙，还是在新宿事件，真是久违了
                
                ",淋,https://www.douban.com/people/75215757/,还行,324
" 华人和爱尔兰人一番激战，英国人躲在背后玩政治。完成度非常高的政治惊悚片。成龙不是作为打星，而是作为演员出演。故事进行到中后段才能看清格局全貌，剧本很有技巧。马丁·坎贝尔执导风格太沉稳，充分挖掘故事原生的紧张感，电影完全依靠故事的内力推进。
        ",小A,https://www.douban.com/people/AngelinaAnne/,推荐,444
" 比想象得严肃费脑，上一次大哥这么认真搞创作可能要追溯到《新宿事件》。今年国庆档片子全看了，王晶和成龙都奉献了十年最佳，太有意思
        ",jj73浅之,https://www.douban.com/people/asano/,推荐,447
" 我相信这个代表着第三世界上访难民的面孔，收起笑容，怒目圆睁，试图挑战欧洲中心论秩序时，会获得更大基数的观众。从滑稽逗乐到眉头紧皱，“中国不高兴”由隐性变显性，被动变主动。
        ",shininglove,https://www.douban.com/people/2849243/,还行,121
" Tony对Peter说：如果你没有装备（蜘蛛服）就一无是处，那你就更不应该拥有它。Peter：爸爸你个亿万富翁好意思说这种话？
        ",young,https://www.douban.com/people/135788675/,推荐,3522
" 最可爱的小蜘蛛，最贱的彩蛋，全程都在笑。这种程度的反派可能钢铁侠1分钟就拍死了，小蜘蛛却打了两个小时，可以说是超级英雄的阶级差异了。
        ",艺仔没公德,https://www.douban.com/people/yancm/,力荐,2915
" “蜘蛛咬你的时候会痛吗？”  “你会产卵吗？”  “你能召唤一大群蜘蛛吗？” “你能射多远？”
        ",大聪看电影,https://www.douban.com/people/1402913/,推荐,2803
" 和“死侍”一样属于人物塑造比剧情更成功的偏锋电影。通过注入校园元素不但成功重启热门超级英雄，而且让观众见证了人物的长（yǎng）成。热血、话痨、中二、一心想向Tony爸爸证明自己的小蜘蛛太可爱鸟，请给我来一打！
        ",同志亦凡人中文站,https://www.douban.com/people/3540441/,推荐,1805
" 这不是蜘蛛侠，而是套着蜘蛛服的低配版钢铁侠。女主出场我还以为是那个个子矮矮，金色长发的白人女孩，结果是个小泰雅。男主角也是满嘴唧唧哇哇以为自己是史塔克少年派。
        ",韩国男友,https://www.douban.com/people/Baronera/,较差,1075
" 一部把成龙去掉对整个剧情没有一丁点影响的神奇电影
        ",Drunken Swami,https://www.douban.com/people/fsisme/,还行,93
" 这一次成龙收起了微笑，我们露出了微笑
        ",辣眼看电视,https://www.douban.com/people/151784886/,还行,113
" 译名毁了片子系列。一个失去祖国的北爱尔兰人和一个始终被所有人称为中国佬的英国人，这不是为女儿复仇的《英伦对决》的故事，而是两个迷失国籍与身份的《异邦人》的故事。
        ",某茶君,https://www.douban.com/people/angelhouxxy/,推荐,84
" 毫无3D必要，一反闹哄哄的成龙电影，扎实动脑颇有可观性。层层递进，互相牵制，拍得老当沉稳。不能说它文戏太多，悲绝成魔的父亲一路搞爆破，不为打而打，风格就是严肃政治片。这角色算是成龙演过最惨绝人寰的了……但大哥可能是想到颁的终身奖掉头演了一场，随后重回流水生产线，珍惜。
        ",birds,https://www.douban.com/people/yihuiw/,还行,107
" 成龙的每一场动作戏，都为他揪心.....
        ",朝阳区白百合,https://www.douban.com/people/50060410/,还行,96
" 连续几款预告都做的情绪十足精彩纷呈，让人误以为会是一部快意复仇片，谁知正片却呈现出了一部与大部分人预期截然不同的政治惊悚片，甚至可以说是成龙银幕生涯唯二情节复杂的电影（上一部是（新宿事件））。关于成龙角色的描绘始终很草率，甚至居于边缘化的尴尬处境，当然，突破性演技是完全没话说！
        ",妙可中国,https://www.douban.com/people/53869175/,推荐,38
" 太吓人了！这片竟然是王胖子拍出来的...王晶认真起来，还是厉害的...所以，刘镇伟你呢？#十一档最高，甄子丹演的真好# 
        ",朝阳区白百合,https://www.douban.com/people/50060410/,推荐,1160
" 最棒的蜘蛛侠！一扫前两版苦大仇深情节雷同，焕然一新！校园青春喜剧风笑果非凡！活力十足！紧贴青少心理，爱炫酷急于干大事证明自己赢崇拜，在干爹教导下懂得成长不能依赖装备只能靠自己。秃鹫人设有新意但始终缺乏威胁力，鸟人叔演技屌也救不了结尾高潮乏力，终究是MCU对反派不够重视的老毛病。8/10
        ",瓦力,https://www.douban.com/people/cyrus_wong/,推荐,1395
" 还有比这更加套路剧情吗？当小蜘蛛岳父都没有好下场？日常扯皮泡妞穿着爸爸送的制服浪>找反派碰到秃鹰>弄毁了船被收回制服>自己做制服战秃鹰，战斗TM没开始就结束了?>获得爸爸认可，获得妇联3门票。请Sony放弃合作自己继续做超凡系列吧！新女主让我想起了曾经追梅林传奇被滚娘支配的恐惧！
        ",AdaWang,https://www.douban.com/people/adakenndy/,较差,809
" 人物塑造很扎实；预留可探讨的空间很大。应该给成龙一个影帝，不管哪个奖的。
        ",11,https://www.douban.com/people/run11run/,推荐,213
" 成龙很沉默，这很好；整体工整无聊，悬念撑不起好奇，结局又不会让人惊讶；bug很多不能细究。60岁的人，半生平凡，活动活动手脚就能重新变回以一打多，打的还都是顶级安保人员？最近这设定怎么都和越战干上了？最后那句别小看中国人太突兀了，关先生早就已经是英国公民了
        ",frozenmoon,https://www.douban.com/people/1233038/,还行,58
,,,,
,,,,
" 王晶开辟了一个新类型——民族主义黑帮片。此片可作为新世纪后殖民主义港片的代表作，与具有分裂倾向的港毒片近身肉搏。
        ",Hushnore,https://www.douban.com/people/chick_rock/,推荐,722
" 王胖子都认真起来拍电影了。屏幕前的你还有什么不努力逆袭的？
        ",巴啦啦小魔仙,https://www.douban.com/people/54907599/,推荐,904
" 128分钟王晶终于兑现了他承诺的，用十足的诚意呈现了一部扎实的影片。另一个导演关智耀不愧为摄影出身，有几个镜头令人印象深刻。强烈推荐粤语版！老甄豁出去了学了一口潮州话非常恩正。令人惊喜的依然是复古的港味，尤其城寨里的两段。最后为老刘打call，为老甄打call，雷洛和跛豪绝对真爱
        ",quai,https://www.douban.com/people/quai/,力荐,865
" 旧港式江湖情义与宏大叙事，小人物鲜活感人，跛豪、雷洛义结金兰存齿相依，从九龙寨逃生、金三角垄断毒品、ICAC反腐、街头围剿英国佬，都跌宕起伏，重现贪腐、官匪勾结、黑吃黑，血淋淋割耳朵脑袋、亲友惨死宿命，懂规矩不犯线黑白理论，徐冬冬卧卧底扯，但王晶认真超恐怖，至少比《雷诺》更霸道残暴
        ",释凡,https://www.douban.com/people/seafans/,力荐,484
" 影片全程都没有出现蜘蛛，请怕蜘蛛的小朋友放心观看。
        ",荔枝超人,https://www.douban.com/people/richer725/,还行,943
" 我就是喜欢这种“脚踏实地”的超英电影，《奇异博士》和《银河护卫队》滚粗！基顿的鸟人梗原来还有更深一层意味，他在《鸟人》里的女儿是谁？超凡蜘蛛侠的前女友石头姐啊！结尾超大惊喜，大到令我原谅漫威在美队3拆CP的可耻做法！结尾彩蛋超级有意思，让我想起小虫的某基友XD
        ",Yellow_OTL,https://www.douban.com/people/54880316/,力荐,652
" 浪费时间，看IMAX简直煎熬，相比之下半个月前的变形金刚可谓超级良心，以动作场面比重和特效而言。就Tony从suit里走出来时鸡冻了一下，还有最后的新闻发布会猝不及防一口狗粮……不过蜘蛛侠的软萌和天真表现得还是不错的。唯一笑点竟然是美队…………（的正确使用方法？LOL）
        ",好养活,https://www.douban.com/people/47941742/,较差,590
" 娱乐性很好的一部，青春片混合英雄电影，很轻松也很青春最终还是关注成长。跳过蜘蛛侠成为蜘蛛侠的背景，直接从美3之后讲起，省去很多重复与比较。有意代入青年人身份，借漫威的影响力，代入如果你（漫威爱好者）成为蜘蛛侠，会是多么酷炫的事情，所以，也在这个基础上玩得很嗨。阵容选择确实太心机。
        ",桃桃淘电影,https://www.douban.com/people/qijiuzhiyue/,推荐,477
" 用蜘蛛丝拉住莉兹的时候莫名鼻子一酸……几乎是一模一样的场景，格温却死了。
        ",银色bullet,https://www.douban.com/people/yinsebullet/,推荐,513
" “万般带不走，唯有孽随身。”居然蛮好看，虽然结尾匆忙，还有大概为了过审加了字幕。赌场长镜头，穿插叙事，暖黄的复古色调到冷冽的枪火，中间好像变色一次？某些段落好像看到了《美国往事》。黄日华等老港脸的出现，生死有命富贵在天的陈词，极恶有道，应该是王晶最出色的黑帮片，关智耀摄影功不可没
        ",刘小黛,https://www.douban.com/people/darlingtudai/,推荐,419
" 槽点很多，但意外地凑合能看，让人怀疑这是不是王晶拍的。
        ",吃胶片的考拉,https://www.douban.com/people/thegreatkoala/,还行,239
" 雷洛加跛豪，王晶这回没有玩贱而是难得严肃了一回，整体制作非常老港片的味道，老派枭雄电影的感觉。刘德华果然是越来越有型了。
        ",桃桃淘电影,https://www.douban.com/people/qijiuzhiyue/,还行,142
" “生死之间我说了算”  3星，粤语版加分。王晶认真起来也还是当年的感觉，港片浪漫主义精髓，英雄片的延续。前半段是古惑仔，偏于写实；后半段是龙在江湖，做局复仇戏剧化强；人设是至尊无上+赌神，都是王晶以前很擅长的格式。置景很赞，甄子丹大佬范不错，德华版雷洛久违了，吴毅将演得好，赌圣笑喷
        ",乌鸦火堂,https://www.douban.com/people/dreamfox/,推荐,282
" 王晶还是那个王晶，没有什么改变。就这样的水准也想拿奖？除非选片的人都瞎了...我们不能因为满分导演拍了95分的作品就否定他，也不能因为零分导演拍了一部40分的作品就把他夸上天。
        ",有意识的贱民,https://www.douban.com/people/kejinlong/,较差,117
" 最好的蜘蛛侠，人物塑造好于超凡，homecoming双关party和归来。|无绝对正反派设置照应钢铁侠说的“每个人都活在grey area”|亚裔黑人设定不反感，都很有用也很漂亮也不stereotype（反对高票）|唯一缺点是格局稍微小了一点，不过有笑点和校园补救，非常亲民可看
        ",向往蒙城,https://www.douban.com/people/115706846/,推荐,438
" 太可爱了，超能男子高中生的日常
        ",王大根,https://www.douban.com/people/diewithme/,推荐,263
" 低龄
        ",Carf,https://www.douban.com/people/4340710/,还行,365
" 说实话觉得导演水平一般，索性人物本身出彩，设定很好。而且漫威的这部蜘蛛侠把整个MCU系列的叙事连贯做的很好，不止是角色客串方面。只希望早日脱离索尼……【其实不客观的说，看到Tony, Pepper 和 Happy同框就值五颗星了。谁不爱Tony爸爸……
                
                ",小土,https://www.douban.com/people/47182866/,力荐,431
" 剧情虽然简单，但是两位主演又贱又逗逼，这年头已经不兴男欢女爱了，哥哥你坐船头弟弟在岸上走。（电影里那辆掉到运河里的车，是拍摄意外真的掉进去了，后来还找保险公司和剧组给车主赔了钱233333…
        ",李阿斗,https://www.douban.com/people/gailsylee/,推荐,860
" 居然不难看，我都不相信你们敢相信我。然而我最爱的其实是里面的吴毅将，他和万梓良都属于那类演戏过分用力的演员，但这种演法演起黑社会时却入型入格，尤其看他夹着雪茄打鼓，我的妈土得太有腔调了好吗！看来下次得找马景涛来演黑社会了
        ",五色全味,https://www.douban.com/people/wusequanwei/,还行,125
" 王晶聪明和有眼光的地方在于他知道什么东西是好的，故事要怎么讲现在观众会喜欢，然后拿来为己所用；但拍摄技法和情感表现的方式还是很陈旧老套，没有进步，就像是一个多年以来好吃懒做的学生突然决定奋发图强，但临时抱佛脚考了个不错的分数，跟真正自己的能力相比，还是有不小差距。
        ",隐,https://www.douban.com/people/1169348/,推荐,227
" 有些事冥冥之中总有牵连，当年阿豪打群架丢了只鞋，日后果然跛了只脚；猪油仔为雷洛装过钢板，日后子弹恰好射入胸口。生死依傍着何种命运，富贵牵连怎样的天机，谁都说不好。有你在的，敌阵夜闯，怒海也奔。当初入江湖，便发誓要做那时代的枭雄。时而恍惚，兄弟手足钱财无数；蓦然回首，身后万般虚空。
        ",西楼尘,https://www.douban.com/people/xilouchen/,较差,103
" 1.5 看完一肚子火。王晶这次黑英国人黑得有点过分，接近义和团思维了。毕竟要是没有港英政府，令尊当年留在上海能不能撑过文革都不一定。剧本写得也是一盘散沙，到底是单人枭雄逆袭奋斗片还是双雄对抗片都没想清楚，东拉西扯言不及义。
        ",LOOK,https://www.douban.com/people/2049622/,很差,70
" 流水线上是造不出好东西的
        ",小地瓜想养一只,https://www.douban.com/people/75609687/,较差,359
" 超好笑啊！但是homecoming翻译成“英雄归来”真的不太合适，“返校季”或者“返校节”更好些
        ",Amberose,https://www.douban.com/people/amberose/,力荐,226
" 典型的漫威，非典型的蜘蛛侠。作为一个见证了三代蜘蛛侠更换的影迷，听到那个熟悉的音乐都要老泪横流了。如今的小蜘蛛没有了苦大仇深，多的是年轻的活力，哪怕是鲁莽偏执，都让这个小英雄更有血有肉，这真的是复联的一剂强心剂。片尾美队的彩蛋是坑爹的吧！
        ",饮歌,https://www.douban.com/people/35790692/,推荐,275
,,,,
,,,,
" 哈哈哈是谁说的哥哥你坐船头我在岸上走哈哈哈！这波必须服！
        ",Daisy cat,https://www.douban.com/people/Dasiycat/,还行,580
" 被局长和他老婆的R级爱情感动到无法自拔——oh my cockroach (with Spanish accent
        ",艺仔没公德,https://www.douban.com/people/yancm/,推荐,528
" Motherfucker只有在Samuel Jackson嘴里冒出来才叫Motherfucker。
        ",幻覺大師,https://www.douban.com/people/edward1988/,还行,377
" 这部片子好玩的地方就在于，你完全可以猜到故事即将发生的剧情走向，但你依然会兴致盎然的看完整部电影，于是原本俗套的故事在瑞恩·雷诺兹和塞缪尔·杰克逊的演绎下以枪战+嘴炮的形式呈现也变得十分十分有趣，当然两条爱情故事的穿插也融合的恰到好处。但加里·奥德曼无疑是十分鸡肋的一个角色。
        ",方枪枪,https://www.douban.com/people/yalindongdong/,还行,349
" 艹！好鬼浪漫！！！没有人能杀死丧基达利！黑塞有情有义有嘻哈！小贱贱表示：局长令我成长，并懂得爱的真谛【并没有
        ",飞鸟凉,https://www.douban.com/people/maybe-stella/,推荐,220
" 能够把老套的黑白双雄加保镖杀手故事拍摄的如此无脑爆笑又浪漫鸡汤，再配上80年代的老情歌，导演和编剧成功的让欢乐严重的掩盖了暴力和血腥。尽管有不少动作片的常规硬伤，依然强烈推荐。
        ",Carf,https://www.douban.com/people/4340710/,推荐,230
" 粤语版好评。低期待去看，还蛮惊喜。甄子丹刘德华及一众配角演得很卖力，没啥让人尴尬扶额出戏之处。只是枪战戏过弱，兄弟死亡必煽情，有时说教味太重。跛豪与雷洛的故事绝非一部电影体量能承载，本片也不乏俗套和敷衍。但绝对是烂片王10年来最好作品。比《大上海》高出一万个澳门风云123吧。三星半
        ",汪金卫,https://www.douban.com/people/longzheking/,推荐,133
" 王晶的【大上海】2.0版 by TVB摄影棚出品
        ",荔枝超人,https://www.douban.com/people/richer725/,较差,47
" 呵呵，这就是王晶现在的水准上限？
        ",chongbei,https://www.douban.com/people/niguize/,较差,73
" 最好奇王晶从哪里弄来这么多这么丑的女演员。。导演的品味毁了一切，以及非常努力的假正经。。
        ",华盛顿樱桃树,https://www.douban.com/people/49213881/,较差,45
" Ryan Reynold演龟毛丧逼比演死侍好笑！不过总感觉抢了Paul Rudd饭碗
        ",王大根,https://www.douban.com/people/diewithme/,推荐,195
" 乐到肚子疼。前排黑人大哥大姐的魔性笑声与杰克逊的交相辉映，为本片添色不少
        ",非正常儿童,https://www.douban.com/people/3539800/,推荐,147
" 一黑一白，全程互怼，由敌变友，都是经典套路，但由于演员的缘故有额外趣味: 竟然有人在嘴炮方面压制了贱贱，大快人心。小贱坐在街头喝酒忧伤控诉局长，身后一片鸡飞狗跳，瞬间跳戏到UNCLE里亨利吃三明治身后锤子跟人搏斗，小贱被拷打时局长现身也是UNCLE同款。局长在窗口放花一幕，想起丁典和凌霜华。
        ",张天翼,https://www.douban.com/people/wisely1229/,推荐,88
" 娱乐性极强的电影：精致欧洲 霸气武装 给力枪战动作 经典动作片的优秀元素全都继承了过来 配合上不断的笑料和超级英雄式的非人类光环 好不热闹 还很浪漫。 Ryan Reynolds各种帅 河边摩托戏全程替身戴头盔不露脸都被电影自己吐槽了：没见过头盔戴的这么紧的，解都解不开。
        ",ZMike,https://www.douban.com/people/49145944/,推荐,94
" 三星半。稳妥入国庆档第一梯队，不拍《澳门风云》、《王牌逗王牌》的王晶，其实还是很可怕的，而且，这回终于没坑刘德华了。另外，推荐有条件还是看粤语吧，不然对不起近年来奉献了几乎是最多台词量和最好文戏的甄子丹。以及真不考虑给本片最强绿叶郑则仕的角色拍个新外传吗，人家好歹是两届金像影帝~
        ",痞影人科莱昂,https://www.douban.com/people/pirealwei/,推荐,91
" 哎呀小时候看《跛豪》只记得叶子楣身材太好 好害羞哈哈！现在看《追龙》才回想得起几分“义”！在这个“潮州人”都要被迫改为“南洋人”的电影市场，能多看到几部《追龙》，也是难得了。粤语版好评！
        ",季恩熙,https://www.douban.com/people/snowblink14/,还行,64
,,,,
,,,,
" 贱贱会成为下一个金·凯瑞吗？至少这话痨程度快赶上了...
        ",同志亦凡人中文站,https://www.douban.com/people/3540441/,还行,40
" 贱到家了，阿姆斯特丹城市疯狂漫游。貌似保镖枪战动作飞车，实际上是老黑哥哥教小白弟弟如何泡妞御妹致胜。以及，白俄罗斯啊，都被黑俄罗斯了。
        ",木卫二,https://www.douban.com/people/MovieL/,还行,60
" 此片国内还会引进公映呢，好奇内地版会被删成什么样……不过这几年领导们的口味也越来越重了，这种打嘴炮的片子估计可以通过改字幕来解决很多问题~~~（内地公映版居然神奇地没有删减或者我没有发现删减，可以可以）
        ",张小北,https://www.douban.com/people/xzfd/,推荐,31
" 两星半。加里·奥德曼竟然接了个这么鸡肋的反派角色。
        ",痞影人科莱昂,https://www.douban.com/people/pirealwei/,较差,31
" 太基(。-＿-。)而且这帮杀手跟John Wick比起来真是太没职业道德了!!! o(*≧▽≦)ツ ~ ~~233333
        ",彼岸盆花,https://www.douban.com/people/mathildaren/,推荐,52
" 为什么觉得闷？？？
        ",帕拉多克斯,https://www.douban.com/people/58059498/,较差,32
" 王牌保镖搭档头号杀手本是一场好戏，谁料拍得如此平庸，整部电影相当沉闷，情节不带感，演员不来电，喜剧和动作两边不讨好，看得我争分夺秒按快进，硬要说个亮点的话，也就是反派Boss加里·奥德曼，虽然角色刻画得很Low，但是气场特别强大！（温馨提示：9月22日内地上映，去电影院烧钱能免则免）
        ",仲山奥理,https://www.douban.com/people/zhongshanaoli/,较差,24
" 三星半motherfucker
        ",面条面包面饼,https://www.douban.com/people/50782420/,还行,37
" 听说国内要上的版本是删减版，而且大幅度的删减，我还是决定现在看吧，这种黄暴喜剧就该原汁原味。论动作还是喜剧，其实都不错，不过贱倒是没感觉到，局长耍贱不是贱贱那种真贱，这种简单粗暴的电影，适合过把眼瘾，反正也是看过就忘。
        ",亵渎电影,https://www.douban.com/people/zhangzongqian/,还行,31
,,,,
,,,,
" 好久没看到这么烂的片了。影厅里都是按耐不住的吐槽和尴尬的笑声。电影里的每个人都蠢得叹为观止。尤其是没想到开花已经沦落至此。唉。这样的电影的存在，就是对所有参与者的羞辱，是他们职业生涯的污点。
        ",香水瓶,https://www.douban.com/people/Jane_1-29/,很差,191
" 加勒比海盗扑街了，中土世界完结了。各位都懂的
        ",Youth帽仙,https://www.douban.com/people/142263059/,很差,208
" WTF！！！冒充好莱坞的国产山寨片！莫名其妙完全不知所云！最奇葩的是明明都是中国人全片却有80％的对白是英文！看得老子想骂人！这TM不是洗钱片吗？@虎头岩博纳
                
                ",慢先森,https://www.douban.com/people/mr.slow/,很差,209
" 国庆档最大笑话。投资有相当一部分拿给开花当片酬了吧？极其寒酸硬充大片，场景美术low到爆，局限在破房子破街道、餐厅、夜总会，作为护宝片，民用无人机是片里最牛“高科技”了...剧情各种低能，反转用屁股能猜到，台词更可怕，熊黛林和装逼大boss梁静剑拔弩张还大谈信不信真爱，编导脑子有坑吗？2/10
        ",瓦力,https://www.douban.com/people/cyrus_wong/,很差,151
" 太难看了太难看了，每一个角色每一个人每一句台词都宛若智障一般。太特么难看了。还有一个小时我受不了了我要哭了。
        ",糖糕儿,https://www.douban.com/people/52489598/,很差,124
" 为了解锁反派的苹果手机，任达华就把坏人的手指剁了下来。试问如果用的是IPHONEX，岂不是要扒下人家整张脸？英美德中加南非的配乐师，混搭出这么套路的夺宝故事，中间还穿插了无人机试用体验、花样跳绳外景VCR。所有动作戏都软绵绵的，怀疑为了节省成本，吴磊几乎没有同框，没去伦敦是因为预算不够吧。
        ",西楼尘,https://www.douban.com/people/xilouchen/,很差,116
" 三石弟弟 希望你上了大学能够有一个好的团队来谈合作 别啥片都接 团队脑残吧 看有大牌就以为能是好片 稀烂
        ",憾生,https://www.douban.com/people/155209672/,较差,120
" 中国的投资人可能实在太好骗了吧，强行冒充好莱坞电影，实际上就是中国投资方找来国外流水线团队制作的一部残次品。剧情山寨，故事敷衍，角色没有正常的行为逻辑，全片充斥着多不胜数的尬点，导演压根就不理解中国文化，梁静的造型简直雷人，精灵王子是有多差钱接这样的烂戏，其他演员更是呵呵，烂爆了
        ",搬砖侠,https://www.douban.com/people/zhangfan187/,很差,96
" 真难看啊，每个人都在努力耍帅装酷，各种十几年前的老套情节，每场戏都显得特别拖沓，关键是每个主角还都演的特别认真，这种片硬放在这个档期注定会是炮灰吧…另外，这部电影的中国人里英文讲的最好的竟然是戏份极少的英达…
        ",痞影人科莱昂,https://www.douban.com/people/pirealwei/,很差,72
" 开花今年真是大陆观众的好朋友啊，这部电影不是他的底线，不信你们像我一样去看看《逆袭之星途璀璨》
        ",刘十九,https://www.douban.com/people/4901199/,很差,97
" 伪大片，整个制作粗糙得要命，老套的剧情，莫名奇妙的故事。作为一部夺宝犯罪题材，打斗不精彩，追逐不精彩，装备不精彩。冯德伦前阵子那片都秒本片100条街。整个故事既不紧张也不吸引人，无趣到爆。只有暗瞎眼的伪3d。以及，片头是不是没导演，只看到制片人名字好大。
        ",桃桃淘电影,https://www.douban.com/people/qijiuzhiyue/,很差,54
" 任达华一如既往的黑道大哥形象，耍狠之余不忘卖萌，吴磊也依旧是机灵的黑客少年。昆凌则突破甜美形象，变身暴力打女，精灵王子跌落凡尘，成了诸事不顺的loser。大Boss梁静，在片中屡屡贡献金句。大部分台词为英文，造成了台词略显幼稚的尴尬，演员来自世界各地，默契度不是很好，很出戏
        ",一口吃掉小蛋糕,https://www.douban.com/people/cheesecakehouse/,还行,150
" 技术层面其实已经做的不错了，但里子太差了，关键还是故事不够好，没新意，打斗和追击场面也都不够精彩刺激。感觉外景上有点像在拍上海城市宣传片，确实够美，所以叫“极致追击之爱在上海”也不错。
        ",方枪枪,https://www.douban.com/people/yalindongdong/,较差,35
" 本来是想去看男神开花的，结果看到国产电影这几个字瞬间产生了怀疑，看到分数后我哭了，男神也在国内烂片的片酬诱惑下屈服了，男神，你缺钱，我养你呗？
        ",AdaWang,https://www.douban.com/people/adakenndy/,很差,21
" 为什么中国人和中国人要用英文交谈？？熊黛林笑得太做作了吧，iPhone改密码要输密码的你知道吗？？？总体来说就是太中规中矩了。
        ",椅子上的男人,https://www.douban.com/people/98242689/,较差,18
" 我连两颗星都不想给，槽点太多，通篇都是剧情和人设的BUG，当然最不能忍的还是一群中国演员操着一口“流利”的英语对戏，简直就是灾难级
        ",Somnambulist,https://www.douban.com/people/78426497/,很差,21
" 连一向很酷的任达华都土得不行……
        ",Icilian,https://www.douban.com/people/liuchuanzi/,很差,28
" 还记得“精灵王子”作为莱戈拉斯时的潇洒和灵动吗？射杀“怪兽”不见血腥，只见四两拨千斤的干净利落。在《极致追击》中，化身前SAS特工的布鲁姆又见“精灵王子”的灵巧身手，“工具”则变成了汽车、摩托车……我们的王子依然潇洒，闪转腾挪间就完成了人生逆袭，过程却是帅瞎众位眼
        ",南瓜报告,https://www.douban.com/people/138911624/,力荐,128
" 平庸都算不上
        ",黑色幻想,https://www.douban.com/people/3395613/,很差,28
" 这样的片就别尬谈爱和时间的意义了，熊黛林让人无语，精灵王子都染了一身土腥气，吴磊被高估了，要是换了现在这几个流量小生演估计要被骂死，唯一没想到的是梁静英语说得倒挺纯正
        ",姐姐,https://www.douban.com/people/howaboutpuss/,很差,21
,,,,
,,,,
" 两颗星全给飞机吧，如果是军迷可以去电影院感受一下。但故事真的是一言难尽，全是80年代的老套路，当李晨和冰冰碰杯说类似“青春不散”这种话的时候，差点以为看的是《十七岁不哭》。
        ",刘十九,https://www.douban.com/people/4901199/,较差,1378
" 值回票价，顺带一提，票没花钱。
        ",此地无银三百两,https://www.douban.com/people/songsida/,较差,947
" 空中版霸天虎+战狼，讲述李晨当众打飞机给范冰冰看的故事，战狼看了会流泪，霸天虎看了想打人。
                
                ",凌睿,https://www.douban.com/people/lingrui1995/,很差,773
" 和【战狼2】毫无可比性，人家是【虎胆龙威】式好莱坞猛男动作片，这片子是空军广告宣传片，剧作的套路还是国产电视剧。最可怕的是，导演根本不知道什么叫戏剧张力，导致叙事毫无节奏感可言，纸片人设更是雪上加霜。从一开始范爷泥石流救人那场戏开始，就看出导演啥都不懂，果然像一组组镜头的垃圾山。
        ",亵渎电影,https://www.douban.com/people/zhangzongqian/,很差,523
" 台词真的是生硬，仿佛每个人都要一副光耀祖国的样子，动作戏全靠汉斯的配乐撑着，以及李晨的眉毛……就不能换个靠谱点的化妆师么？
                
                ",海歌,https://www.douban.com/people/123838490/,很差,572
" 一时难以分辨李晨到底在本片是表演更差还是导演更差，反正都挺差。与之相比，才发现《战狼》的好，那个起码直男到底，且在动作戏和类型片部分有看点。《空天猎》连岁月静好这种话都能写出来（其实里面还有很多特别娘的台词），整部电影少了点精气神，剧情也比较糊弄与俗套，表演就更没法说了。
        ",桃桃淘电影,https://www.douban.com/people/qijiuzhiyue/,较差,312
" 台词像中学生写的，剧情像赶着趟抢着拍出来的，特效跟打游戏似的。其实这部片真的各方面都极尽粗糙，除了用这个题材和明星包装成了一部伪大片外，从制作到故事都没啥亮点，一星不多，二星不少，再往上就真给不出来了。没做成3D可能是这部片带给我为数不多的好感。
        ",痞影人科莱昂,https://www.douban.com/people/pirealwei/,较差,287
" 抛开各种花边新闻来看，李晨当导演拍军事类作品确实是花了心思的。观众应该多鼓励流量们加盟严肃题材，这样才会有更多好看的主旋律电影有机会被产出。
        ",mu❤se,https://www.douban.com/people/64755839/,推荐,1332
" 剧情太辣鸡了！！！李晨还是别出来做导演了，跑男非常适合你。范冰冰的演技真的，，，还是适合走红毯。一颗星送给剧中的制服，一颗星送给鹿晗唱的片尾曲🙃
        ",睡神一郎,https://www.douban.com/people/yiqing928/,较差,172
" 从开始就燃到爆炸，人物打鸡血自嗨，正义荣誉使命感光环笼罩。除了结尾应该映射了两千年王伟歼-8II 与美国侦察机的撞毁事件，其他背景情感全架空，且处理违和。空军面试仅凭空话，恐怖分子宛如智障。一千五百公里=朝鲜？和战狼同一制片人，配乐赞电影语言无，然而中国还是需要这种“东方精神”。
        ",刘小黛,https://www.douban.com/people/darlingtudai/,较差,122
" 成色就像电视电影，波澜起伏和表达手法都非常老套，李晨的个人审美和艺术追求不敢恭维，故事犹如一盘散沙，剧本只为分裂为敌对阵营，让飞机上天对峙，这是电影炫耀的终极目标，但预算资金有限，导演功力不足，代入感和热血度甚至比《战狼2》都差，票房过2亿大黑牛就去享受夫妻生活就好，别趟浑水了
                
                ",张咏轩Wayne,https://www.douban.com/people/55617091/,很差,184
" 问题就在于明明想要讲一个很“正”的故事，但偏偏时刻不忘为自己的综艺“带货”还要强行抛出无数个让人不适的笑料--这和找了什么团队有什么背景无关。其实我对范冰冰还抱了一丝期待，李晨要表达真爱，好歹也夯一个最好的编剧组写个Miss Sloane啊、Katherine Johnson啊类型的角色嘛。其他的就不评价了。
        ",基瑞尔,https://www.douban.com/people/stevecarell/,较差,100
" 军迷的福利电影，好看啊！简直是一场我国空军武器库展示和战术演练，看得人血脉喷张。
        ",吴松张,https://www.douban.com/people/wusiyi/,推荐,153
" 50/100 春秋时代找到了致富模式，照着“战狼”的剧本又改出个空军版。喜欢看空军秀肌肉以及飞行表演秀的，这部电影合适你；如果你想找出哪怕一个刻画完整的角色，那不太可能找得出来。除了保家卫国以外也很难找到其他叙述深刻的情感联结点。
        ",SELVEN,https://www.douban.com/people/SELVEN/,较差,68
" 因为来自空军，所以大概是近期最娱乐性的主旋律题材影片了，其中有些桥段致敬了top gun，特效过关，多看看我们国家的j20吧。
        ",fish哥,https://www.douban.com/people/40302580/,推荐,339
" 大黑牛与范爷主旋律撒狗粮大作；没有对比就没有伤害，有了这片，才知道《战狼》的好；李晨的人设前一秒强调纪律，后一秒就兴奋得哦吼乱叫，简直要命；汉斯季默的配乐在这片里的存在更是超级违和；国产电影全面反恐之路，陆有《战狼》冷锋，空有《空天猎》吴迪，海上的《红海行动》杨锐也即将登场......
        ",奔兔吉尔,https://www.douban.com/people/borntokill-zh/,很差,62
" 由於飛行包線計算和控制界面軟件還沒有到位，在可見的未來J-20也只能是個量產版大玩具……
        ",gespenst,https://www.douban.com/people/gespenst/,很差,76
" 其实整体不错，说是“战狼上天”一点都不为过，但李晨总要表达一种哥们媳妇就是这么漂亮的感觉，让人觉得莫名其妙。虽然整体故事依然摆脱不了俗套，但如果去掉不必要的儿女情长，其实可以给三星。2.5
        ",方枪枪,https://www.douban.com/people/yalindongdong/,较差,93
" 既然把自己炒得那么红，那就应该接受看到你就不给星，一星完全是为飞机的。
        ",初阳,https://www.douban.com/people/3369417/,很差,144
" 点映看完了，作为不懂军事的路人，感觉画面镜头感还挺洋气的（除了开场第一段实拍镜头糙一点），笑点也蛮多的（笑点难得都不尴尬且新颖），气质和以往的国产军旅片都很不一样，再说有那么多最先进的战机装备，军迷尤其空军迷是肯定要看的，不然过了这村没这店了，估计十年内都不会再有国产空战片啦
        ",airbag,https://www.douban.com/people/68616424/,推荐,728
,,,,
,,,,
" 傻逼了吧，爷会爬树。
        ",Laplace Demon,https://www.douban.com/people/3310354/,推荐,3049
" 凯撒原本向往和平，所以又叫猿和平，隐居大猴儿峦。后来在上校的逼迫下猿力觉醒，成为大总统猿世凯，发动猩球大战。最后打败人类，自称猿始皇，年号大猿，国歌《猩条旗永不落》。续集可以讲他焚书坑猴、铸十二金猴、发明吮指猿味鸡、成立坏猴子影业、写《金刚经》……按照这个思路还可以再拍七八十集。
        ",凌睿,https://www.douban.com/people/lingrui1995/,力荐,2584
" 回看这个系列，真的从始至终都表达了自己要说的东西，作为暑期大片实为难得。这部终章直指美国是建立在奴隶制的基础上——猿族劳役时竟大放星条旗永不落，真是太讽刺。反派就像纳粹种族清洗者和现代启示录的白兰度的结合，纳粹思维的荒谬和疯狂令人瞠目。瑟金斯真的值一个奥斯卡提名
        ",米粒,https://www.douban.com/people/conanemily/,推荐,911
" 这绝对是这个系列最得当的收官。首先这是一部非常成熟的商业片，从场景特效到人物故事，每一样都相辅相成得刚刚好。而凯撒的成长，更是这个系列的妙义所在；从第一部的自我建立，到第二部的自我认知，再到这一部的自我升华，凯撒带领一众徒子徒孙完成了一场人类也无法企及的精神建设。
        ",饮歌,https://www.douban.com/people/35790692/,推荐,953
" 壮阔的猿族史诗。当猿进化得越来越像人，而人越来越堕落疯狂，观众只能义无反顾的站到自身的对立面，在灵长类动物身上寻找久违的“人性”。导演反人类反得不寒而栗啊，这是有多大仇...
        ",同志亦凡人中文站,https://www.douban.com/people/3540441/,推荐,876
" 越玩越深了，寓言故事一则。透过人与猩猩去反思人类自己的社会结构，可以做很深的解读。以及，感谢如此出色的视觉技术，才可以让故事可信度更高。以及，真是最后一部了
        ",桃桃淘电影,https://www.douban.com/people/qijiuzhiyue/,推荐,649
" 那个特搞笑的猴子…是哈利波特里家养小精灵多比的远亲嘛？
        ",松果果,https://www.douban.com/people/yonita_yang/,推荐,611
" 结尾人类死光光，猿类伤亡惨重，然而猿猴头子们骑的那几匹马经历了肉搏逃亡爆炸雪崩后仍毫发无伤，how？？？？
        ",rice-burger,https://www.douban.com/people/ricy-rice/,还行,798
" 自从看了变形金刚5，我接受能力强了许多，也宽容了许多。（微笑
        ",17,https://www.douban.com/people/lindadarling/,推荐,934
" 再次感叹，烂不可怕，最可怕的是平庸。三部曲这么乏味地结束还蛮遗憾的。
        ",萨库拉,https://www.douban.com/people/iisakura/,还行,638
" 接下来该马崛起了吧，咋改朝换代了还只有被骑的份啊
        ",王大根,https://www.douban.com/people/diewithme/,推荐,405
" 烂！炸！天！警报！警报！警报！好莱坞暑期档头号“影骗”来袭，看完之后的感觉就是：fuck！上当了！受骗了！这特么根本算不上一部前传三部曲的最终章，也根本没有什么“终极之战”，而是剧情乏味、逻辑荒谬、场面缩水、结局糊弄的失败之作！如果你带着对前两部的好印象去观影的话，收获的就是大失望！
        ",毒舌列文,https://www.douban.com/people/2795141/,很差,592
" 猩猩最初的居住地莫不是inspired by花果山？孙悟空：Apes together strong
        ",Sylvia,https://www.douban.com/people/51079426/,还行,419
" 情感的张力称得上饱满，剧情节奏稍慢，很容易被凯撒的情绪起伏感染得热泪盈眶。最后真是一个反人类的五星结局。
        ",李阿斗,https://www.douban.com/people/gailsylee/,力荐,391
" 烂到换个主题就是一出建党伟业。都tm哪跟哪儿啊，桥段强行拼凑一起，跟tm百度大脑编得剧似的。军营重犯牢房任由小屁孩进出？雪山中一箭不包扎走到温带才死？对方导弹满天飞tmd造石墙挡？编剧tmd想到哪写哪，而且居然还毫无爆点，神了。
        ",了了,https://www.douban.com/people/32023588/,很差,264
" 拍猩猩都能熬成美式老鸡汤，美国人都看不下去纷纷离场。反科学没逻辑的狗血故事，比手撕鬼子还没有想象力。一群可以适应任何气候的猩猩，徒手战斗力跟人持平，骑马（马招谁惹谁了），被人类虐待的程度还不如山西黑煤窑，首领中箭坚持爬雪山过草地长征完箭伤还在流血终于失血过多而亡。wtf？
        ",30天,https://www.douban.com/people/37217307/,很差,275
" 3.5星吧，之前第二部精彩就在于，凯撒和科巴正反两派的角色都交相辉映；而第三部里作为大反派的人类上校的角色始终立不住，太虚太平庸动机太弱，凯撒又高大全，动机也弱。电影张力一下子弱了好多，全片也就差强人意了 #质量其实还是很赞的，但始终差口气#
        ",旺财博士,https://www.douban.com/people/2039887/,还行,209
" 又名《猩球崛起3:掘地逃亡》，没有“终极一战”，只有“人类终极作死”，懂爬树才是生存之本…前作玩张力本作玩寓言，几处讽刺精彩，但是把人类智商强搞下线，一群有如神助的猩猩把人类赶下台真不够说服力，另外导演沉稳细腻大气风玩过头了，前半段节奏超慢，三部曲对比1>2>3，给安迪瑟金斯加1星。6/10
        ",瓦力,https://www.douban.com/people/cyrus_wong/,还行,218
" @balmes 非常非常慢，各部分叙述极其平均没有任何值得记住的点。小女孩这个看起来很有故事的角色没有好好用起来，完全沦为鸡肋，实在可惜。讽刺隐喻很到位，谁还不是求仁得仁呢？到头来只有mother nature最厉害啊不得不服。
        ",Lycidas,https://www.douban.com/people/raquelycidas/,还行,134
" 凱薩全程智商下線.....
        ",chuchu,https://www.douban.com/people/86728823/,还行,150
,,,,
,,,,
" 鲍起静演技已值满分 8/10
        ",影毒肥佬,https://www.douban.com/people/FK621/,推荐,10
" 11.24@UA Moko。感恩节，三张纸。
        ",文一,https://www.douban.com/people/mkci117/,2016-11-26 00:57:38,2
" 鲍起静的表演对影片中其他演员来说是完全碾压式的，可惜剧本太过于追求工整对仗，反而失去了灵气，成了为感怀而感怀、为伤情而伤情。
        ",獨孤島主,https://www.douban.com/people/jywpl/,还行,6
" 鲍姐再次奉献影后级表演，太动人了。
        ",卡斯帕爾的浮雲,https://www.douban.com/people/casablanca0912/,推荐,10
" 在飞往温哥华的飞机上看到的，越到后面看得越是流泪，到最后，脸上的泪已经成了河，想起了自己已逝的母亲。每一个含辛茹苦的母亲，都是一棵默默撑起华盖的大树，大爱无言，荫蔽子孙却不一定被理解。
        ",萬和生,https://www.douban.com/people/4378595/,力荐,6
" 昨日提前观影，本还有些期待，但很失望。非常不成熟的温情催泪片，毫无结构，节奏也很怪，剪辑较生硬，该有的渲染也都没有。题材不错，但完成度不高，浪费了鲍起静的精湛表演。黄浩然很像张国荣，可惜不会演戏。
        ",王写写,https://www.douban.com/people/dreamending/,较差,1
" 电影故事剧情颇煽情，加上主角们，特别是鲍起静演得入木三分，想不催泪都几难。片中好几场戏的背景音乐过于“澎湃”，略嫌干扰观影……有时候配乐多或者大声不一定就好，应该见好就收吧。王菀之扮观音那场戏颇搞笑。
        ",longer,https://www.douban.com/people/luvis1499/,推荐,5
" 虽然套路很老了，但是仍然很好看
        ",红藕香残玉簟秋,https://www.douban.com/people/127437486/,推荐,0
" 这种亲情戏一向不用玩太多套路，但成功的被各个主演的演技给拉起来了。
        ",CobraCB,https://www.douban.com/people/CobraCB/,推荐,1
" 王菀之
        ",曼石,https://www.douban.com/people/springhall/,2017-07-01 06:06:05,0
" 第一部和全家人一起去电影院看的电影，还成功带上了爸爸妈妈
        ",猴子放屁,https://www.douban.com/people/83977886/,2016-12-13 16:49:41,3
" 从头哭到尾。
        ",九爪小蟹,https://www.douban.com/people/pqqy/,力荐,1
" 国内可能不会上了 于是托人在香港买的碟 哭了半卷纸 之前看了《幸运是我》可能我本身对惠英红的脸有厌恶感 所以还蛮生气鲍起静没拿到最佳女主角
        ",小舒淇,https://www.douban.com/people/128661098/,力荐,1
" 泪奔
        ",胖杏,https://www.douban.com/people/pangxing/,力荐,0
" 在去留学的飞机上哭到抽搐
        ",傻不啦叽,https://www.douban.com/people/79247785/,力荐,0
" 飞机上看的
        ",La Madeleine,https://www.douban.com/people/35070684/,推荐,0
" 洗过一
        ",纯牛奶,https://www.douban.com/people/156683104/,力荐,0
" 四分给王莞之
        ",L,https://www.douban.com/people/42963553/,推荐,0
" 三星半。上一次在飞机上哭得稀里哗啦 还是14年看严歌苓《归来》的时候。岁月恼人。
        ",沉 榻,https://www.douban.com/people/138686742/,推荐,1
" 所谓「大」编导的多bugs 的煸情作品
                
                ",dig45,https://www.douban.com/people/35446656/,很差,0
,,,,
,,,,
" 大爷大妈智商这么高 家里娃却蠢到开车不系安全带 还tm发短信。。
        ",你看看！,https://www.douban.com/people/53644977/,推荐,9883
" 我想说那些短评上聪明过人的人类能别特么在这剧透吗！就你看出来了！你是二郎神！比别人多个眼睛！闪闪发光！一眼看出破绽！那你看得出来你自己的人生有多失败吗！
                
                ",♡Gbye　の,https://www.douban.com/people/BANANAJAM/,力荐,8214
" 其实这种多重反转的电影很容易bug频出，但是这部完成度太高了，质感和小细节都相当漂亮。导演对后半程的解密把控地相当出色，直接让观感上升了一个level。西班牙的悬疑片总是给人惊喜。（猜到反转并不是多了不起的事，请不要在悬疑片短评区剧透好吗，靴靴。）
        ",Enigma,https://www.douban.com/people/55972806/,力荐,4710
" 律师是假扮的这个梗其实倒是不难猜。不过这不是重点。重点在于“叙述”和“真相”的关系。在缺乏物证链条的基础上，男主的每一次叙述其实都是自洽且成立的，但或许也都不是真的。这一点才真的引人深思。我们所认定和掌握的真相，又有多少是被叙述掌控的呢？
        ",frozenmoon,https://www.douban.com/people/1233038/,推荐,3768
" 跟媳妇一起看的。看到一半的时候说了句最毒妇人心，指的那个情妇。后来看完，我媳妇特别藐视我，说了句男人都不是个好东西后睡了~。。我一脸尴尬~。。。总之。。。这是个好电影。
        ",心机貝,https://www.douban.com/people/45238478/,力荐,4540
" 开。车。的。时。候。不。要。谈。情。说。爱！ 系。好。安。全。带！（认真脸）
        ",闷骚的VeryGZ,https://www.douban.com/people/GZ/,还行,2615
" 看悬疑片最讨厌有人炫耀猜到反转，只是看过几部悬疑片而已，猜到并没什么好吹嘘！就算结局改成“律师是劳拉的母亲”也会有人说猜到！不过前面暗示确实明显了点。一部电影是否优秀在于细节的呈现，主角演技的拼搏，整部片的扣人心弦，观影过程的愉悦。这是讲述人心阴暗面引发蝴蝶效应的故事。BGM亮点！
        ",资源收藏癖,https://www.douban.com/people/69532674/,推荐,2767
" 现在能有意外结局还让人颠覆的故事，真的很难得了。结局半小时的反转再反转，能自圆其说，能刷新认识，能大呼过瘾，对一部悬疑推理片来说已经完成的相当漂亮。不会苛求太多，这样的故事和设定已经满足。
        ",影志,https://www.douban.com/people/tjz230/,力荐,2226
" 比较一般，如果男主是策划一切的人，他根本不会如此相信一个素未谋面的人
        ",glim,https://www.douban.com/people/glim/,还行,1483
" 好看，强烈推荐。问题是如此重要的辩护人竟然不是当面引荐的。
        ",Andrea,https://www.douban.com/people/casoon/,力荐,1436
" 剧本太精彩，处处伏笔，层层反转，虚实交错，暗潮涌动。自作聪明的往往一败涂地，不动声色的才能笑到最后。
        ",颜落寒,https://www.douban.com/people/yanluohan/,推荐,1201
" 所有爱玩反转的悬疑电影都可以用一句话来概括：你以为你以为的就是你以为的。
        ",芦哲峰,https://www.douban.com/people/luhua/,推荐,781
" 西班牙人太热情了 在我们这房间里叫破喉咙都没人理的
        ",大島,https://www.douban.com/people/auxt/,推荐,730
" 好看。另外建议豆瓣给「我看了七分钟就猜到结局」的观众准备彩蛋，他们是推动电影业进步的动力，值得满屏掉落大拇指。
        ",Fornever,https://www.douban.com/people/HFornever/,推荐,613
" 有多少人是猜中了结尾却没猜中过程？有多少人是对猜中的结尾感到失望，对没猜中的过程感到傻逼？影片的引申主题就是——只要是个人说的话都别信。
        ",有意识的贱民,https://www.douban.com/people/kejinlong/,还行,538
" 2015年看的《罪恶之家》，2016年看的《完美陌生人》，2017年看的《看不见的客人》，共通之处就是利用剧作上的巧合和人性的叵测，将一个充满黑色悬疑的精彩故事有条不紊地讲述出来，虽然过程中猜测出女律师古德曼的身份，但劳拉却并非我预测地来个《大卫·戈尔的一生》的自我救赎……人言可畏亦难信？！
        ",Panda的阴影,https://www.douban.com/people/PandaMovieMusic/,力荐,374
" 看过片子后再来这个页面，发现海报上人物关系已经把结局剧透了。观影过程很享受，虽然结局并不难猜，但几段假设推理确实容易被误导，尽管每个假设都有一些经不起推敲的小细节，但是并不影响整体效果，除了老夫妻过分精明和易容的不彻底外，几乎没有大败笔。说别人脸盲的希望你在电影院也能一眼认出来。
        ",痞影人科莱昂,https://www.douban.com/people/pirealwei/,推荐,437
" 一部片检验脸盲症发病率。
        ",子酉,https://www.douban.com/people/eozic/,还行,412
" 调度上有种将阿加莎小说当代化的直感 谷仓之冰和密室的三重解答亦是对黄金时代的致敬 拍推理片需要的是娓娓道来 不急不缓的叙述 以及临近收尾时暴风骤雨般地揭晓真相 本片都做到了 虽然对于非脸盲症而言这个最早来自莎士比亚的诡计略显累赘 讲义系列若拍成电影 要的也是这种感觉
        ",文泽尔,https://www.douban.com/people/wenzel/,力荐,228
" 作为一部连环反转的惊悚片，此片对观众心理的拿捏是教科书级别的。不难猜中结局，但这个过程还是太精彩了。
        ",麻绳,https://www.douban.com/people/ma-sheng/,推荐,310
,,,,
" 大量经典动画乱入，但又不显得突兀。

大量广告强行插入，但又不显得讨厌。

大量槽点刚想骂娘，却发现这是笑点。

大量笑点全程密集，腹肌没痛膀胱痛。

总之，就是一句话：值得一看。
        ",破茧,https://www.douban.com/people/pojian1987/,力荐,1499
,,,,
" 进影厅看到幼稚喜洋洋后悔了,人家说买票了电影不好看也不退钱(哭)然后看2D片源又被3D神杖嘲笑影票便宜(气)于是打开进来时工作人员给的锦囊,赫然写着:我们影院招放映员(懵)…我们羡慕觊觎的事物不一定是好东西,声讨的坏人坏事也许只看到了表面,电影超级好笑,赌20块钱话费成为黑马评分不低于7.7,顶我上去
        ",WillRious,https://www.douban.com/people/64515288/,力荐,1423
" 笑炸了我不管我要跟导演对对梗
        ",道臣岚,https://www.douban.com/people/51004773/,力荐,756
" 一如既往的脱线，其中穿插着十冷一贯的恶搞和情怀，交代世界观那段爆笑，最后大战那段也带出了该系列的创作动机：我们不玩驳杂的3D，或者说玩不起，就是用“梗和脑洞”，去汇成单纯的2D世界，单纯、搞笑。PS该系列也有着明显的受众划分，这种搞笑风格仅适用于同道中人，阿里巴巴那首歌情怀十足
        ",乌鸦火堂,https://www.douban.com/people/dreamfox/,推荐,626
" 各方面都更成熟了，从头到尾都是梗，节奏也不错，恶搞动画的剧作能到这个水品也是不容易，真的看出来了《银魂》的感觉。
        ",谢谢你们的鱼,https://www.douban.com/people/reave/,推荐,612
" 笑点又旧又硬，还停留在照搬网络段子和模仿流行IP的阶段，好几处刻意安排的“高潮”点却看得我一身鸡皮疙瘩，不止于尴尬。
        ",痞影人科莱昂,https://www.douban.com/people/pirealwei/,较差,366
" 三星半，竟然有点好看。梗非常多，也非常密，很多吐槽的地方还真是非常好笑，从中看到太多熟悉的吐槽和植入，还怪好笑的。最后一段降维的设定很不错，非常动画，竟然有点期待第三部了。
        ",桃桃淘电影,https://www.douban.com/people/qijiuzhiyue/,推荐,334
" 3.5。已经完全不记得第一部的故事，所以看到最后才意识到是前传。两处惊喜，堪称脑洞大开：一处是河神利用银河一拖三扩充兵力，一处是脑洞的深处是思维灰烬，对主角造成降维打击。大部分笑料比较低幼，都是浅表的戏谑与模仿恶搞。还有很多80后的回忆杀梗，从现场看现在的主流观众一脸懵逼。
        ",m89,https://www.douban.com/people/duzhouchi/,推荐,343
" 雷神·单身狗·表情包·托尔
        ",智商二百五,https://www.douban.com/people/53547561/,推荐,212
" 很好奇版权费占整个片子成本的比例有多少？喜欢不起来这部，见片如见导演。看的我困得不行。
        ",二月鸟语,https://www.douban.com/people/p2165/,较差,178
" 确实比上集好，但脑洞瞎开，还是弱智笑话大混炖，《太空堡垒》的画风配上《同桌的你》的音乐，乱入的喜羊羊模仿柯南，河神跟女娲用微信视频，还“阿里阿里巴巴”变异版歪歌……小混混后面膨胀黑化，出啥boss宇宙无敌，到三维黑洞变二维黑白，到想象力超群，其它都胡来，啥生一蛋就孵化转世?太白痴二傻
        ",释凡,https://www.douban.com/people/seafans/,较差,184
" 《十万个冷笑话2》：比上一部好。星球大战的画风配上《同桌的你》的音乐，乱入的喜羊羊模仿柯南，河神跟女娲用微信视频……这个动画诠释了后现代解构主义的含义，玩的是颠覆和嫁接，虽然没有深度和意义，但这些超越脑洞制造出的笑点既能让人惊呼“卧槽什么鬼”，又会使宅男们乐不可支。★★★☆ 
        ",鲸鱼君,https://www.douban.com/people/4370686/,推荐,244
" 时光机：你爸我从小在草原长大——原来是草原孤儿院啊喂！ps 结尾的脑洞真喜欢
        ",Citrus,https://www.douban.com/people/63898543/,还行,109
" 结尾创意可能是近期看到的动画片里最好的
        ",婴儿葛葛,https://www.douban.com/people/romanbaby/,还行,134
" 影片中致敬了很多经典电影和人物啊～用搞笑的方式面对操蛋的人生，脑洞大开的这个系列始终坚持自己的搞怪风格，真的很难得
        ",静待花开,https://www.douban.com/people/2123968/,力荐,166
" 比第一部好看，从头到尾抖不完的包袱接不完的梗，各种天马行空的想象力和拼凑力，各种致（恶）敬（搞），各种经典漫画角色大方串场，居然毫无违和感又能让人忍俊不禁，国漫日渐成熟的制作技术和无处不在的自嘲精神是惊喜，关于次元壁的诙谐探讨是亮点，套路以内又不循规蹈矩是诚意，在电影院看笑果更足
                
                ",张咏轩Wayne,https://www.douban.com/people/55617091/,推荐,219
" 年轻的观众哟，你们看的是这个喜羊羊还是这个柯南，还是我们的青春呢？
        ",啊啊反对,https://www.douban.com/people/82660297/,力荐,135
" 玩得一手好解构主义。
        ",Ear.Forest,https://www.douban.com/people/iear/,推荐,101
" 1.7/10，太差了！人物和节奏在开场几分钟就开始崩坏，还不如《煎饼侠》！就喜剧而言基本是低俗和无下限，本质上不算喜剧。剧作问题真挺大的，没一个人物是完整的，前面人物性格和铺垫缺太多，结局再High情绪也推不上去。就音乐而言不好看不热血，打摇滚旗号不好好叙事真很LOL，何况还没摸到摇滚内核！
        ",二月鸟语,https://www.douban.com/people/p2165/,很差,1515
" 实在无法数尽分分秒秒都存在的脑洞全开的奇葩桥段，还请各位观众自行走进电影院去观赏，感受一下这部足以让你笑出腹肌，笑到不能自理的脑洞电影！
        ",苏筱兀,https://www.douban.com/people/lesc/,推荐,123
" 十冷作为国产动漫IP新秀，续集的表现出乎意料的好，星战柯南圣斗士海贼王碟中谍致敬梗顺手拈来，吐槽更密集。剧情其实是前传，羊熊猴鱼合体互黑的好开心。
                
                ",baobaodu,https://www.douban.com/people/baobaodu/,推荐,115
,,,,
,,,,
" 谈不上失望，因为本身就是带着非常低的期待看的，明显还在套《煎饼侠》的模式，而且并不比其高明，后半段借着摇滚的主题一路跑偏，胡煽瞎燃，毫无电影感，这个卖情怀上瘾的大鹏基本可以拉入黑名单了。最后给片方一个衷心的建议，这片更适合在大年初一上映，至少丢在贺岁档那坨里基本分不出个高低。
        ",痞影人科莱昂,https://www.douban.com/people/pirealwei/,很差,1250
" 实在太土，不是乡土味的土，是土鳖的土
        ",LOOK,https://www.douban.com/people/2049622/,很差,928
" 好个摇滚，看得想打滚。制作上比《煎饼侠》有进步，尤其几次无缝转场，可以说非常电影了。但乐队搭成后，讲段子的本性又暴露了。叽歪三人组加乔杉，完全不让听音乐，更像拼嘴炮。对摇滚的解释，依然停留在比🤘，摇大旗，人山人海呐喊，还有驾老炮刷老脸。有两处地方笑了，一是黑带，然后是读毕赣的诗
        ",木卫二,https://www.douban.com/people/MovieL/,较差,710
" 上次拍电影，这回组乐队，都带有大鹏一后一前的半自传色彩，这次还回到了大鹏的家乡集安。虽说创作模式是《煎饼侠》的延伸，但有显著进步。保留了明星客串与港片情怀的喜好，做到了去段子化，笑点自然，注重前后反差，用音乐理想拔高，燃！还有歌迷的传承。每首歌的节奏配合情节发展，自然流畅。
        ",大奇特(Grinch),https://www.douban.com/people/grinch/,推荐,1503
" 【C+】①比想象好看，整体各方面都比煎饼侠进步了。②包袱不新鲜，但甩的很有效果③大吉他公园依旧免不了被拆，怀有音乐梦想的男主最终也还是回了北京，虽然是屌丝喜剧的包装，内核却不是打鸡血的屌丝梦，而是丧失生活热情的人，对曾经理想的缅怀。“不去做，有些东西在你心里就真的死了”
        ",掉线,https://www.douban.com/people/ballteda/,推荐,1127
" 直到今年夏天才明白一个道理，不管是男人还是电影，俗到极致也算大魅力。
        ",shininglove,https://www.douban.com/people/2849243/,推荐,670
" 不仅尴尬，还土到数次引起生理不适...
        ",朝阳区白百合,https://www.douban.com/people/50060410/,较差,508
" 从某种程度上来说，和《芳华》分别属于一张磁带的AB两面，都讲述了时代洪流中的普通人在信念和理想崩塌后如何选择的故事，大鹏的处理方式更加积极乐观，“机灵”地用一场全民大摇滚规避了这个问题。新裤子《没有理想的人不伤心》选得真是太到位了，歌词和影像高度贴合，让人几欲落泪。
        ",芥末蘸酱,https://www.douban.com/people/FrankWasabi/,推荐,822
" 三星半。成熟度比《煎饼侠》高。大鹏聪明地用音乐特别是回忆度极高的摇滚金曲串联全片，架构起的草根梦更易引发共情。选角出色，据说几个主演都是亲身上阵弹奏。弱点在于剧本构建仍有欠完善处，结尾集体煽情没刹住车，一身貂的发财总合理性弱。PS：摇滚老炮儿们一一客串加半星。
        ",泉の向日葵,https://www.douban.com/people/boliwawa/,推荐,587
" 继“尬聊”，“尬舞”之后，又诞生了一个新词“尬摇”。把摇滚与“梦想”划等号是得有多中二啊，为啥修车和妇产科大夫就不能是一份有梦想的职业呢？千万群众举着大旗冲入工地让我穿越到了“大干快上”的集体化时代，上百位乐手同唱一首歌让我想起了新东方。大叔玩农金为的是自由还是投机，这是个问题。
        ",风间隼,https://www.douban.com/people/fengjiansun/,还行,147
" 越到后面越是尬，喜剧，强煽，俗气。青春片旗号后当下吹着一股复古风，处理不好就是卖情怀，追随逝去迎合未来。大吉他某种程度看来就是强行的执念，失去了情感动机。毕竟人在哪，理想就在哪。你会见到谢天笑新裤子唐朝黑豹beyond斯琴格日乐麦田守望者露脸，感觉看了一场假的音乐节，仔细找找吧。
        ",刘小黛,https://www.douban.com/people/darlingtudai/,较差,275
" 我坚持了两个小时就是看看有多烂，剧情俗套，情感无铺垫，全部演员演技集体不在线上。真的不是谁都可以做导演啊。中间几个笑点也是low到底了，稀稀拉拉的观众也是为了笑而尴尬了几声。烂片一个
        ",鱼儿,https://www.douban.com/people/4073793/,很差,242
" 把大吉他改成大鸡巴，整个片子的立意都会上升好几个level了！
        ",鬱蕭樓主,https://www.douban.com/people/yibaiwushitian/,很差,243
" 基本上就是把【煎饼侠】和【欢乐好声音】重拍了一遍。
        ",荔枝超人,https://www.douban.com/people/richer725/,较差,222
" 邦佳维真是笑死了啊哈哈哈哈，有给版权费吗？作为一个曾经的音乐节咖，新裤子出来的时候还是很感动的，整体流畅完成度不错，值得鼓励，大鹏上一部电影这一部摇滚，下一部会是话剧？绘画？看展？养花？读书？黑文艺青年
        ",栗山暖,https://www.douban.com/people/m19900714/,推荐,370
" 如果胡亮自己就可以发传单找乐手，自己又认识那么多深藏不露的高手，为什么还要花重金找一个过气经纪人帮自己攒乐队？这故事根基不成立啊。再有，哪个地方政府会因为看到人们喜欢摇滚乐就放弃开发房地产？？这还是不是一个现实主义的故事？搞笑部分也很尴尬，只能依靠东北腔残存一点点喜感。
        ",frozenmoon,https://www.douban.com/people/1233038/,较差,119
" 第一次几个人亮本事，贝斯一响我眼泪就下来了。不用为了什么而唱，不为什么，音乐本身就是全部的理由啊。它就是值得不惜一切代价去爱，值得为它扛过暴雨与棍棒，值得为它孤独和贫穷，值得为它脑血栓死在台上。艺术水平分高下，但坚持的心都一样烫啊，谁看到片尾能不燥！（大鹏乔杉无感，娜扎小岳岳赞）
        ",隔壁山田组组长,https://www.douban.com/people/vitaminJ/,推荐,740
" 坦白讲，比《煎饼侠》好了太多，你能看出大鹏的进步很大。故事还是老套的小人物追逐摇滚梦想的设定，但是这部在人物塑造和情节铺垫上的完成度竟出乎我预料的还不错，大鹏利用到了自己身上“东北”式喜剧的优点，他的“俗”可耐，且可乐，也能打动你，像写了一封对摇滚虽略显笨拙但却很真挚的情书。
        ",文刀大土申,https://www.douban.com/people/88652488/,推荐,644
" 大鹏拍的东西总让人说不上哪不舒服的感觉，硬搞笑，拉大旗扯虎皮。
        ",哲罗,https://www.douban.com/people/153360745/,很差,178
,,,,
,,,,
" 画面大概是见过国产最好的，但是剧情也是真的从头尬到尾
        ",so what,https://www.douban.com/people/134476648/,还行,4
" 很好诠释了金玉其外败絮其中
        ",kazuma,https://www.douban.com/people/51715999/,很差,2
,,,,
,,,,
,,,,
,,,,
" 三个少年都在天国
        ",飞鸟凉,https://www.douban.com/people/maybe-stella/,还行,414
" 31年后的今天，竟然看到一个比我还小的你。感谢胶片封存住那个夏天和那些不知疲倦的蝉鸣，封存住街头小小的恶作剧、肆无忌惮的奔跑和笑声，封存住一个青涩纤细的你。
        ",陶者无缰,https://www.douban.com/people/RongFuYiTai6/,还行,305
" 张国荣象是一颗钻石，晶光璀璨，锋芒四射，而且随着岁月的雕琢越来越精致，越来越华美。
        ",二月飞雪,https://www.douban.com/people/139587725/,推荐,243
" 片子是真难看，哥哥是真好看……
        ",橙子换马甲,https://www.douban.com/people/bleedingorange/,2009-07-05 15:07:31,171
" #电影院# 与你们仨在电影院的约会是2017年最大惊喜，生命从此不再有遗憾！谢谢张国荣！可惜修复效果不怎么样。【陈百强+徐杰】——世界上还会有第二对比他们更加可爱的小情人吗？(╯3╰)像太阳花一般的美少女，像b612小行星上一般的小王子，从地下铁开始的一段美丽情缘，唯有祈愿纯真永恒。
        ",芳汀的牧场,https://www.douban.com/people/melody1971/,推荐,122
" 荣少好帅！而且好高冷！喜欢！！！
        ",yocofcjx28,https://www.douban.com/people/149120019/,力荐,99
" 陈百强部分：相爱的人那份甜蜜快要溢出来。
        ",时间的玫瑰1987,https://www.douban.com/people/lolitalo/,力荐,76
" 陈百强帅的有点过分了呀！
        ",.瑪 德 琳.,https://www.douban.com/people/princessmavis/,2010-07-17 23:57:24,58
" 用电影记住青春
        ",桃桃淘电影,https://www.douban.com/people/qijiuzhiyue/,还行,39
" 单纯是为纪念哥哥而看。
        ",mOco,https://www.douban.com/people/mycage/,很差,73
" 陈百强的角色应该算第一男主（这个片捧他到不行，帅到不输哥哥），那么如果一开始就把背景放到类似音乐学院然后往歌舞类型靠，可能这些尬演和烂俗桥段的问题可以被遮掩很多。现在看就是老旧过时、不接地气充满幻想气质且很粗糙的一星青春片，单纯的可爱烂的无怨无悔哈....#情怀和颜值让我坐住#
        ",徐若风,https://www.douban.com/people/ruo1996/,较差,37
" 3.5；伤心桥下春波绿，曾是惊鸿照影来；归来也是少年，盛世美好容颜，修复版美如画，每个毛孔都绽放着骄傲的天真，青春的冒失与愚蠢都会被时间原谅，我们只要静候光阴的洗濯；Danny歌声响起催泪，与不羁哥哥辉映，彼时最明亮的星，于天国再相逢。
        ",欢乐分裂,https://www.douban.com/people/flowermumu/,还行,28
" 整个影厅只有两个人，结束的时候，后排的小姐姐问我，你是不是也很喜欢Danny呀，我说我是Leslie的小粉丝，但我也很喜欢Danny。她笑着说，好想他们啊。对啊，真想你们呐。
        ",Cherrylively,https://www.douban.com/people/154716173/,推荐,36
" 张国荣跟陈百强真是太般配了!！
        ",Heloise,https://www.douban.com/people/heloisehexiao/,2011-12-27 23:23:44,20
" 没想到有生之年还可以在午夜场看哥哥的电影，4K厅舔屏。
        ",深夜声咽,https://www.douban.com/people/sfroompp/,推荐,33
" 这一个个美到日月无光！
        ",birds,https://www.douban.com/people/yihuiw/,力荐,9
" 陈百强的歌实在太好听了。“你咩都有，就係唔咗你自己。”
        ",烏滌非,https://www.douban.com/people/bogjebote/,推荐,18
" Just for Danny and Leslie
        ",爱茉绿绿,https://www.douban.com/people/amorjolly/,还行,26
" 张国荣之重映版<失业生>。在豆瓣上看到这么段文字，他们不想被三剑侠的名头限制住，所以就各自单飞了。很凑巧的是，当年这三个人是相继走红的，而很多年之后，玛丽医院也相继成了三剑侠的最后一站。看到玛丽医院这里就要泪奔了。
                
                ",私房歌,https://www.douban.com/people/y328675858/,还行,18
" 恰同学少年，银幕上的三人都是最好的年龄，然而银幕下殊途同归的选择才更令人唏嘘
        ",痞影人科莱昂,https://www.douban.com/people/pirealwei/,还行,15
,,,,
,,,,
" 弱智吧
        ",韩棒子,https://www.douban.com/people/159457903/,很差,0
" 渣
        ",花减减,https://www.douban.com/people/y19940504/,很差,2
" 这是一部喜剧片，有好多彩蛋，哈哈哈哈哈哈。
                
                ",__.,https://www.douban.com/people/4040621/,很差,6
" 周末午夜场去看的，小影厅还坐了不少人，一半以上吧，说明国内恐怖片还是有市场需求的，结果看到最后走了一半，睡着一半，散场时大家都在说以后再也不看了。
        ",bbdou,https://www.douban.com/people/83881122/,很差,4
" 支持国产恐怖片，厉害了我的国。
        ",少年宫宫主,https://www.douban.com/people/xhermes/,很差,1
" 圈钱你大爷
        ",你大爷,https://www.douban.com/people/162559368/,很差,1
" 没毛病这电影，洗钱力作！
                
                ",朱莉本茨,https://www.douban.com/people/145691655/,很差,3
" 国产恐怖片从名字一路看下来  世界上没有地方是安全的了    基本上都是哪哪惊魂
        ",思念一生,https://www.douban.com/people/139015526/,2017-09-13 19:56:19,4
" .垃圾
        ",夜来蓝雨,https://www.douban.com/people/157425806/,很差,3
" 看困了
        ",迷,https://www.douban.com/people/155894257/,较差,0
" 哈哈哈哈哈哈哈哈
        ",南枝,https://www.douban.com/people/151236827/,很差,0
" 真鸡儿尴尬
        ",萝卜枪,https://www.douban.com/people/71179371/,很差,0
" 太几把难看了吧
        ",💬,https://www.douban.com/people/150727058/,很差,0
" 烂片归烂片，好的是身边陪我看的人😂😂😂
        ",光影拾趣,https://www.douban.com/people/152503942/,力荐,0
" 为什么总是能找到没脑的来投资拍烂片？？？
        ",hanmer,https://www.douban.com/people/hanmer/,很差,1
" 浪费了60块，剧情一塌糊涂，毫无衔接，女主整容脸太他妈丑了，鬼扮的一点都不恐怖，男主角娘娘腔。破电影！
        ",✘Maρl3 ,https://www.douban.com/people/165504544/,很差,0
" 麻痹的弱智
        ",欣儿家的楠楠,https://www.douban.com/people/159056817/,很差,0
" 喜欢看的来了
        ",$凉辰梦谨シ空人,https://www.douban.com/people/167527593/,力荐,0
" 先来个一星再说
                
                ",老胡,https://www.douban.com/people/160915092/,很差,0
" 某眼打分2.2分的电影可以说是烂到突破天际了
        ",moon1800,https://www.douban.com/people/167341307/,很差,0
,,,,
,,,,
" 看罢，李将军满含热泪地喃喃道：人，是我上的！
        ",McDull,https://www.douban.com/people/ronny/,很差,1117
" 应该是3星，多1星是为鼓励国片扩展类型的用心和努力。此前国片罕见庭审类型，只动嘴不懂腿，难拍。这个剧本下了功夫，用三个主角的视点形成层层剥笋的结构，逻辑也基本通顺，好莱坞学的还算到家，在粗枝大叶的国片里有了亮点。但犯案动机没讲清，过于强调父爱和救赎，有点偏了。
        ",前海一支剑,https://www.douban.com/people/frontsea/,推荐,739
" 外行赞不绝口，内行摇头说NO。拍两段视频，就能玩弄检察官大律师于股掌之间。编导太想当然了，高估影像的力量，低估法律的智商。
        ",芦哲峰,https://www.douban.com/people/luhua/,较差,682
" 不太好拍的题材，内地类型片的突破。编剧超牛比！高智商悬疑推理，不断的推倒重建再推倒，逻辑慎密无破绽，罗生门式叙事结构，强大的演员撑起角色铁三角，让这部本应沉闷的电影异常紧张出彩，好评。@江北UME影城
                
                ",慢先森,https://www.douban.com/people/mr.slow/,力荐,724
" 目前而言，基本代表了中国悬疑片的最高水平。
        ",闲人,https://www.douban.com/people/5054748/,推荐,662
" BUG重重故作姿态，山寨罗生门的结构，僵硬且套路化。一味展开故事，而未混淆视听，该起的作用没起到。录像、癌症、董检妻子和萌萌的关系、被软件查杀等情节超刻意。好在大逆转弥补了些许不足，也符合阿婆的思想(真凶是谁已不重要)，可董检的顿悟又画蛇添足了。冲喜罪恶的“雨”下得太多。
        ",大奇特(Grinch),https://www.douban.com/people/grinch/,较差,396
" 余男一直是""导演你欠我钱""的状态,郭富城则是""孙红雷你欠我钱"",而孙红雷""嘿嘿,我就是欠你们钱了怎么着吧""~
        ",芥末蘸酱,https://www.douban.com/people/FrankWasabi/,还行,486
" 惊艳！《全民目击》的出现使持久低迷的国产电影出现了一抹亮色。层层剥笋式的剧作结构和多视角叙事在国片中尚属罕见。碍于成本、技术、手法的原因，它在细节处理上并不精致（音乐、表演、化妆、台词），但瑕不掩瑜。表皮剑指司法、教育、阶级多面，但内理只能将国产律政落脚于家庭情节剧。
        ",shininglove,https://www.douban.com/people/2849243/,推荐,479
" 有不少廉价又炫技的镜头，但还算有追求啦。喊烂片的，罚你们看一百部小烂片就老实了。余男的模样好丧！！！她到底是穷成什么样子了，接了那么多戏，还请不起化妆师！
        ",木卫二,https://www.douban.com/people/MovieL/,还行,339
" 国产片里给四星。具欺骗性的一部电影，无论是剧情或是电影本身。这只是个70分的案件，但导演把他拍得是更好看的了。当内容已经玩不出花样的时候，只能在结构上花心思~我猜想导演会不会最早的构思就是从龙背墙这个故事来的，我其实挺喜欢这个电影最后升华的主题，没有讲大爱讲正义讲主旋律其实也很好。
        ",直胖,https://www.douban.com/people/chauyik/,推荐,325
" 土炮、山寨、想玩技巧又没那能耐，俩主演好像刚从毒战和圣诞玫瑰片场出来似的，核心梗还是嫌疑人X那套（两个机器密室最早出自奎因的上帝之灯，发扬光大的其实是绫辻行人的黑猫馆），前后繁冗拖沓，日系推理是看了不少，周显扬的杀人犯和大追捕都能甩这个几条街。PS:这片的婊挺多
        ",大瘦瘦,https://www.douban.com/people/shoushouan/,较差,268
" 三星半。刚开始看时觉得假、作、虚张声势，不过剧情铺展开后渐渐理解这感觉因何而来。类似罗生门式结构，多视角讲述，线索互补，层层推进，“真相”被不断确立不断打破，最后拼成整图。可算社会派推理风格，在国产电影中实属少见。虽然整体有点用力过猛，情绪渲染也显刻意，但能如此用心做剧本必须点赞
        ",feeling,https://www.douban.com/people/1494376/,推荐,259
" 非常干瘪无聊的法庭剧，非行果然还是适合当编剧，即使是如此一厢情愿的故事，在结构和情节设置上还是很有亮点的，当然大多数还是抄来的。陈思诚与郭富城的角色负责傻逼，邓家佳负责哭，孙红雷负责让人出戏，而余男女神实在不该演这个蹩脚得律师角色。PS：你得多没见识才会觉得本片新颖啊？
        ",谢谢你们的鱼,https://www.douban.com/people/reave/,较差,193
" 很想打三星甚至更高，这种多线索多角度带来不同观点的电影，在大陆实在很难得。但表达的内容上我看见的是没有职业道德的律师，封建忠仆思想的夫妇，被富商玩弄鼓掌间的法律...所谓伟大父爱，体现出的基础是“纵子行凶，致人死亡”。如果我能接受这种思想，我为什么不能接受李刚，药家鑫或是李双江呢
        ",无语清秋,https://www.douban.com/people/leo1983/,很差,158
" 论《罗生门》为什么重要，以及导演你把天津拍得那么美，台词多雕琢一下会死啊？
        ",时间之葬,https://www.douban.com/people/ydyie/,还行,127
" 比想象中好。山寨感还是有的，但剧情多次翻转之后，仍然能够自圆其说，已实属不易。比圣诞玫瑰好多了。
        ",嘟嘟熊之父,https://www.douban.com/people/duduxiongzhifu/,还行,107
" 『猪一样的队友，以及，猪一样的对手』。非行目前是一个好编剧，但不是一个好导演，镜头语言方面还有很大的提升空间。只是一个认真学习类型化叙事的正常作品，但在国内环境下，就变成了一个需要鼓励的好作品。所以加了一颗星。
        ",张小北,https://www.douban.com/people/xzfd/,推荐,109
" 我恨剧透：孙红雷和邓家佳都有罪 PS:片尾曲应换成《永恒的童话》
        ",存在感个鸟,https://www.douban.com/people/33282308/,力荐,121
" 最后孙红雷在法庭上大喊一声：对的，我就是蝙蝠侠，我就是黑暗骑士。
        ",张小强,https://www.douban.com/people/yaozi0426/,推荐,91
" 类似上回的《守望者》，又一次玩结构。多视角，并有多次反转。但是问题也跟《守望者》差不多，非行似乎更适合做编剧。影片本身很多很生硬的地方，还有台词，郭富城的台词怎么听怎么别扭。细节上BUG不少，反转的畅快感则不多。但是感动的点还是有触动，虽然似曾相识。视频删除那很业余，邮件又没删
        ",桃桃淘电影,https://www.douban.com/people/qijiuzhiyue/,还行,85
,,,,
,,,,
" 我是因为海报中间那么大的一个洋葱骑士点进来的……
        ",cupyu,https://www.douban.com/people/61813472/,还行,139
" 黑帮老大的女儿——过气女明星女追男的故事，酗酒嗑药脑筋不太正常，哈哈哈，结局，哎，都没什么脑子，一声叹息。
        ",iriselite,https://www.douban.com/people/iriselite/,还行,8
" I like pretty girl.
        ",红藕香残玉簟秋,https://www.douban.com/people/127437486/,还行,3
" 女主这种主流头发是什么鬼
        ",韩棒子,https://www.douban.com/people/159457903/,较差,1
" I'm a lady.
        ",别看 滚,https://www.douban.com/people/ohohzhizhi/,推荐,6
" 剧情高度紧凑，有趣有趣，洋葱骑士从头战到尾哇咔咔
        ",剑气凌厉的江南,https://www.douban.com/people/moonflora/,推荐,2
" 配乐好听。画面很美。结局惊艳。导演特别文艺的讲了一个关于黑帮交易的故事。自由是牺牲品。公主也不再歌唱。
        ",Lipsky,https://www.douban.com/people/135908849/,推荐,3
" 有点可爱，outlaw变in-law哈哈哈哈。
        ",Constantine,https://www.douban.com/people/thomasneeson/,还行,0
" 还全程无尿点，呵呵呵，哎！
        ",xxm,https://www.douban.com/people/130296517/,很差,1
" 还算可以
        ",冷吧,https://www.douban.com/people/96388706/,还行,0
" 为了我海报里的洋葱骑士！有点失望emmm
        ",长歌行,https://www.douban.com/people/138633457/,较差,0
" 每个国家或多或少都拍过点商业片，但只有好莱坞是商业片，其他国家的商业片叫做艺术电影或小众电影
        ",anubisgaze,https://www.douban.com/people/2161666/,推荐,0
" 标记
        ",隰则有泮,https://www.douban.com/people/52726325/,2017-09-26 15:58:57,0
" 歌很好听也很应景。开始颇有些无厘头，结局也以为会是浪漫主义但却意外的是现实。
        ",番薯派,https://www.douban.com/people/1076979/,推荐,0
" 好呢
        ",灰灰,https://www.douban.com/people/127591096/,推荐,0
" 看海报像另一版的杀手不太冷
        ",Midoriko,https://www.douban.com/people/41950986/,2017-09-14 23:14:08,1
" 排片很少，工作日早上去的，包场了，一部黑色幽默公路逃难片，配乐很棒，这种爱情让人很羡慕了，可是一切结束又重新回到起点，最美的一幕莫过于女主口型take me away
        ",啊黄,https://www.douban.com/people/35286598/,推荐,0
" 偶尔的黑色幽默是点睛之笔。
        ",风露染衣,https://www.douban.com/people/156778058/,还行,0
" 7分，结局出乎预料却又在情理之中，BGM满分好评。
        ",阳光灿烂,https://www.douban.com/people/kakadu/,还行,0
" 好评给女主她爹，演技超级好的欧洲演员。
        ",大老二,https://www.douban.com/people/yours1988/,力荐,0
,,,,
,,,,
" 除了鸽子，没啥其他亮点
        ",拓海潮汐,https://www.douban.com/people/tuohaichaoxi/,还行,1
" 剧情很简单，适合小朋友看，BGM特别棒，画面制作也非常走心，不太喜欢那个自大狂妄无礼的小麻雀。看动画片竟然遇到了制片人出现在电影节现场，真是没想到，小朋友上台提问直接飙英语~吓得我赶紧跑了。
        ",北欧海盗,https://www.douban.com/people/gbg/,还行,1
" 鹦鹉那条线完全可以不要
        ",阿卡,https://www.douban.com/people/1028544/,推荐,0
" 剧情一般般，不过小鸟很可爱，小朋友看看还不错
        ",念念,https://www.douban.com/people/155072633/,2017-07-24 23:37:24,0
" 稀松平常的温情动画，没有什么特别的亮点。两星半。
        ",梁颂华,https://www.douban.com/people/lsh1/,还行,0
" 挺好看的，适合小孩子
        ",小陈小新,https://www.douban.com/people/HP20275454/,推荐,0
" 故事挺有趣，小鸟挺可爱，适合小朋友看。
        ",飘渺,https://www.douban.com/people/159952097/,还行,0
" 一般般，适合小孩子看，主角我怎么觉得是猫头鹰呢太出彩了
                
                ",兔玛丽,https://www.douban.com/people/tumary/,较差,0
" 童真 适合小朋友😃
        ",一只流浪的猪,https://www.douban.com/people/78745944/,较差,0
" 大概是要超越自身的极限吧
        ",荒野十一妹,https://www.douban.com/people/46056151/,还行,0
" 和妹妹一起去看的  可爱的小鸟 还会上网   ONLINE 上线了 嘻嘻 很棒的电影  挺不错的
        ",安安静静,https://www.douban.com/people/43532104/,推荐,0
" 我们总在说万事万物的发展都要依照事物自然规律的变化规则，认清我是一个小麻雀，但不代表我去不了非洲。
        ",我是她铭,https://www.douban.com/people/163445952/,力荐,1
" 三观很正，动画效果逼真，很温情，适合小朋友看
                
                ",peri626,https://www.douban.com/people/57115264/,力荐,0
" 里面的鸟上网挺搞笑的
        ",隔壁老王撒,https://www.douban.com/people/143780974/,推荐,1
" 睡过。。。
        ",望着你的我,https://www.douban.com/people/141459840/,还行,0
" 好无聊，哪来的3D，不爆不嗨也不尿
                
                ",rot or bloom,https://www.douban.com/people/YoGGie/,较差,0
" 疯狂怪物岛，画面挺不合适孩子看的，歪瓜裂枣还有各种电击恐怖场面。只是后面的故事无聊到也只能小朋友看。背部的应该是核试验残留物，各种迷影致敬处理得比较低幼，细思极恐。在各种人声里辨识明星是最大亮点，丁晟张扬乱入。
        ",刘小黛,https://www.douban.com/people/darlingtudai/,较差,1
" 画风怪异的拉美魔幻动画，有点意思。
        ",姜君,https://www.douban.com/people/57133701/,还行,9
" 剧情简介是本宝宝憋出来的。。。当时因为是竞赛片还激动了一小下 仔细一看 呃 故事也就一般吧 给孩子们看还是很不错的
        ",Ellen汐,https://www.douban.com/people/127080428/,还行,1
" 2017上海电影节的参评影片，挺不错的，比最近那些好莱坞“大片”好看。总体比较平，但时不时会冒出个亮点笑点什么的。重要的是，国内动画电影缺少这样一种平和的回归家庭而又不琐碎呆板教条的动画创作。
        ",艾豆豆,https://www.douban.com/people/f3cn/,推荐,0
" 就这样
        ",糯--茜笛,https://www.douban.com/people/165079511/,还行,0
" 个别设定挺搞笑的，例如鸽子在电线上联网上脸书玩游戏，猫头鹰和琪琪的设定也不错，缺点是动画渲染得不够精细，分镜一般般，还是和迪士尼的动画差一截啊
        ",天堂里的陌生人,https://www.douban.com/people/2718163/,还行,0
,,,,
,,,,
" 剧情低幼，关键是男主和爸爸背上的东西太像睾丸了，恶心
        ",宛如智障鱼摆摆,https://www.douban.com/people/fishloveyeah/,较差,5
" 每个人都是一个特殊的个体， 每个人都能看到故事的不同面，电影同时也暴露出了家庭矛盾这一社会热点。
        ",F班的袁湘琴,https://www.douban.com/people/161206792/,推荐,6
" 第一次怪物变身致敬了魔女嘉丽，而且这片男主的国语配音是。。。。。。陆川。。。另外还有张一白，丁晟，张杨
        ",大瘦瘦,https://www.douban.com/people/shoushouan/,2017-09-02 21:10:43,5
" 画风独特，和迪士尼不同，最喜欢里面有一只小怪可以手指点火，很可爱，想象力丰富
        ",Z黑地,https://www.douban.com/people/88732540/,推荐,2
" 跑到电影院看了这部popcorn movie的全家欢，适合小朋友，不适合我。
        ",Angus,https://www.douban.com/people/veggielynn/,还行,4
" 陪小外甥看的，可能小朋友比较喜欢
        ",特质系,https://www.douban.com/people/hzj467116206/,还行,2
" 看了前半个小时还觉得这动画片挺不错，越往后越没意思。。。
        ",Columbium,https://www.douban.com/people/Columbium/,还行,2
" 配音阵容非常豪华，里面还有大嘴美女姚晨！“其实你我都是一个怪物”，每个人心中都隐藏着各式各样的怪物！
        ",丝丝细雨168,https://www.douban.com/people/140457119/,推荐,4
" 不是外国片就是好动漫，也不过如此！
        ",韩棒子,https://www.douban.com/people/159457903/,较差,4
" 没啥新鲜的亮点，怪兽老套路又不好看，反派不够狠也不惹人爱，打斗更是稀松二五眼
        ",lpu9,https://www.douban.com/people/3526210/,较差,2
" 今天早上起了个大早，去看了电影《怪物岛》，真的很好看，制作水平可以和好莱坞媲美，不错不错
        ",带引号的某某,https://www.douban.com/people/125426088/,力荐,2
" 这做的也太简单了点吧，难道真的是拍给孩子看得？画面制作还是很用心。影片开始前的《中国梦》又更新了，真不知道这些明星有什么脸在点电影播放前出现，他们有拍出来值得在影院放映的电影吗？还🐶利国家生死以……膜起，早上去看的电影，全场六个人，我还有一个帅哥，两对母女，小孩被吓得叫了好几次
        ",Vicente Joe,https://www.douban.com/people/51038363/,还行,3
" 孩子喜欢，建议5岁以下和小女孩不要去看，可能有一些场景会害怕
        ",小猪儿乖乖,https://www.douban.com/people/17434045/,推荐,1
" 还可以 挺好看的
        ",Angel安琪,https://www.douban.com/people/159777932/,推荐,2
" 还不错，小怪物
        ",ray0518,https://www.douban.com/people/140530962/,还行,2
" 小朋友看得很开心，我睡着了无数次……
        ",TOXIC。,https://www.douban.com/people/atoki/,还行,1
" 画面背景超级棒 但是中文配音很糟糕看得我很尴尬 直接导致故事尴尬和过于简单
        ",于归乌龟,https://www.douban.com/people/132870256/,还行,1
" 合家欢➕套路
        ",大熊君,https://www.douban.com/people/130518525/,很差,1
,,,,
,,,,
" 余秀华怕风怕水，怕六十岁还没跟尹世平离婚，怕被命运甩下来粉身碎骨；她又不怕脑瘫不怕蜚语，不怕被说成荡妇，不怕背负义无反顾凋残的孤独。她是渔网网住的小鱼，婚姻是网兜，困住她扯淡的人生；她是荷叶的一尾游鱼，诗歌是空气，让她不至于窒息。她臭骂我草破鸡，却有着给范俭念诗的孤高浪漫的灵魂。
        ",西楼尘,https://www.douban.com/people/xilouchen/,力荐,175
" 俺是豆瓣第一个看过此片的人哦！导演说拿到了龙标，大家要支持哦！
        ",陈凭轩,https://www.douban.com/people/chen1988/,力荐,167
" 片子好看只在于余秀华是一个生命力顽强的人，思路清晰，内心敏感，面对难题对答如流，不惧任何场合，有幽默感，会撩汉，有作为人的尊严和纠结。至于拍摄方式，很一般，拍得太快太急，素材有限，那些大特写太庸俗，人物活动空间单一，访谈式的把导演问问题的声音剪进去这种就太电视台，太套路了。
        ",内陆飞鱼,https://www.douban.com/people/veverlee/,还行,71
" 四平八稳。山沟沟里飞出一只高唱“女权”的凤凰，先天残疾没有削减她的锐气，反而给了她执着追求爱和性的胆气。她值得我们认识与称道，因为她敢于跟桎梏中国五千年的旧思想抗衡，因为她敢于坚持自己内心最原始的呼唤。
        ",饮歌,https://www.douban.com/people/35790692/,推荐,97
" 观感没问题。字词组合所引发的诗意，与女诗人所寄身的现实，由始至终都是无法消解的矛盾。然而，过于强大的余秀华，并不需要纪录镜头或创作者去熨帖保护。如果说，类电视纪录片的技法尚是个人选择，但关注一个人物对象，片子拿出来有点太早。余秀华的家庭与她真实生活的另一面，真的还不够丰富。
        ",木卫二,https://www.douban.com/people/MovieL/,还行,45
" 我要嚼一点具体的苦，才尝到活着本身的甜；我太不同了，所以能看到凡俗是多么幸福。
        ",哪吒男,https://www.douban.com/people/nezhaboy/,推荐,59
" 实际上，之前对余秀华完全不了解，大概也只听过这个名字。在上海电影节看了纪录片《摇摇晃晃的人间》才对这个人的认识稍微清晰了一些。相比她那些诗，更愿意看属于生活的那部分，那些日常的对话，同样充满诗意，个别细节看到好一阵感动。能找到一个帮你暂时忘记身体缺憾的方法，其实挺开心的。
        ",桃桃淘电影,https://www.douban.com/people/qijiuzhiyue/,推荐,62
" 情书片，范俭写了首诗给余秀华
        ",1979,https://www.douban.com/people/anYenna/,力荐,61
" 非常好，推薦。朋友在籌劃四月底到五月初在美國西岸幾個大學的放映、座談，朗誦會，導演和余秀華都會來，能去的可以留意下。Stanford, Berkeley, UCSF, UCLA有場次。
        ",不啦叽,https://www.douban.com/people/bulaji/,力荐,40
" 太棒了！范俭是少有的在纪录片中有如此生动的电影语言的导演。余秀华在他的镜头前展现出了自己的不同面，一会儿是那么幽默、一会儿又是如此无助，一会儿是如此渴望爱情、一会儿又是这样孤单、凄凉。有很多人看余秀华带着一种健全人对残疾人的俯视，其实不得不说余秀华比你我、比大部分人都活得更明白。
        ",小潜,https://www.douban.com/people/KAYXU/,力荐,40
" #siff#詩歌是她的內核和外殼，相比詩歌我更關心她的生活，她在生活的深淵裡如何掙扎，她生長的那片土地有著怎樣的黃昏，她手指落在鍵盤上是否顫抖，她的愛要怎樣被傳達。范儉抓到了一些生活的瑣碎細節但也遺忘了一些。在海邊那段范儉說我不怕你也別怕一瞬間我明白了創作者和被攝對象的關係3.5
        ",乌鸦,https://www.douban.com/people/54067962/,还行,13
" 点映见面会：1、主持人：“您觉得这部纪录片拍的是真实的吗？”余秀华：“我觉得你作为一个主持人问出这种问题就很不专业，作为一部纪录片不真实还叫纪录片吗？”
2、观众提问环节，某观众说了大概800字的观后感后，余秀华：“我觉得你这个问题有点过于长了。”
        ",-,https://www.douban.com/people/edenhsu/,还行,17
" 从文字的掌控力中长出了对生活的掌控力。
        ",vic,https://www.douban.com/people/VicOhItsVic/,力荐,18
" 余秀华在片子里自己都说，作为残疾人想让自己表情在说话的时候自然一点，摄影还给这么多面部大特？很明显导演是带着意图在拍，点映后的小短片里把余秀华和她母亲称作“角色”，角色是可创作的，她俩可是活生生的人呐
        ",马赛克,https://www.douban.com/people/masaikejun/,还行,17
" 女诗人离婚记。
        ",把噗,https://www.douban.com/people/babulliu/,还行,10
" 对这部电影倾注的感情，早以超越了电影本身。希望我们都能在摇摇晃晃的人间里坚强地生存，骄傲地绽放。
        ",Cora,https://www.douban.com/people/Wegmarken27/,力荐,15
" 我写诗 我出名 我残疾 我离婚 我不热爱生活 但我热爱诗歌 生存的方式有很多种 但 过得不开心怎么行呢
        ",SH3056,https://www.douban.com/people/jmomsen/,推荐,15
" 自己都没想好的价值观怎么能清清楚楚的抽丝剥茧呢？
        ",唐那啥,https://www.douban.com/people/3643871/,较差,11
" 很有魅力的女人
        ",圣墟,https://www.douban.com/people/152833029/,力荐,15
" 愿她含着好看的阴茎，梦着爱液的香，忘记自己还会念诗。
        ",法兰西胶片,https://www.douban.com/people/flxjp/,力荐,12
,,,,
,,,,
" 海鬣蜥出生不到一个钟头就面临生死逃亡，斑马出生不到半天就要自己涉水跟上族群，蜉蝣出生一天已经死了……只有人类，出生十八年个人生活还不能自理。
        ",11,https://www.douban.com/people/run11run/,推荐,1084
" 这个八月份唯一一部演技在线的影片。但观影体验很差，现场很多小朋友大呼小叫，我不是针对谁，我是说在座的每位家长，都是垃圾。
        ",听影客,https://www.douban.com/people/61602134/,力荐,1031
" 请带熊孩子的家长自觉到隔壁战狼接受爱国主义教育，谢谢
                
                ",pretty clumsy ,https://www.douban.com/people/62169883/,推荐,979
" 天啊一场电影一多半都是小孩，还是那种没买票坐妈妈大腿上的那种，于是观影全程观众的声音已经大过成龙，妈妈快看长颈鹿，爸爸大熊猫好可爱啊，我真的好害怕大老鼠啊，小斑马快点加油跑呀加油加油加油，不如你们包机去非洲加油吧！
        ",小乔,https://www.douban.com/people/qiaoyf/,推荐,717
" 影片带给我的感受是惊奇，而前后左右被小孩子包围所带来的感受是惊吓。
        ",南赫,https://www.douban.com/people/54150368/,力荐,512
" 不就是《地球脉动》第二季剪出来的？
        ",翻滚吧！蛋堡,https://www.douban.com/people/7542909/,2017-08-01 22:15:36,187
" 首映场观看。很多都是地球脉动2里的素材，却组织得如此混乱，再加拍了点不知所云的熊猫片段，目标很明确，就是迫不及待地想赚钱了。英国人是不是还以为成龙很火，是不是还以为大陆人土鳖得都没看过地球脉动2，是不是还以为大陆人没看够熊猫？
        ",万壑松,https://www.douban.com/people/2789355/,还行,153
" 可能是在电影院看过的最热闹的一部片子，全场小朋友有尖叫的、吃汉堡的、抠卡进屁股缝内裤的，充斥着类似数学课上老师转身写板书时、教室里绵绵不绝的嗡嗡声。左边的小姑娘明显不感兴趣，扭来扭去，一直在问妈妈什么时候结束；右边的小男孩倒是很专注，看到后来连卡住的内裤也不抠了。
        ",有枝,https://www.douban.com/people/ranandrose/,力荐,153
" 最精彩的几个片段是在地球脉动中出现过的，比如海鬣蜥躲避游蛇、帽带企鹅捕鱼、熊蹭痒痒、长颈鹿决斗、树懒求偶；不过还是很值得在大银幕上再看一次！
        ",志大无胸,https://www.douban.com/people/2529003/,力荐,120
" 3.7星。1.成龙大哥说足整整一个半小时，快喝口水吧。解说多到丧心病狂，虽然成龙大哥还蛮适合解说这种的。2.按时间线处理素材，稍显杂乱。3.人气最高的不是熊猫，是狗熊蜂鸟浣熊。4.好多动物生来就是为赴死的。5.比《我们诞生在中国》更多展现了大自然的残酷。6.好想撕烂影厅里呜嗷喊叫的熊孩子的嘴。
        ",what'swilliam,https://www.douban.com/people/52286623/,推荐,107
" 《地球脉动2》看过一集，感觉这片子里一半的内容都似曾相识，那些看过整部的朋友们请自己掂量一下……配乐有点过了
        ",W3IQ7≯,https://www.douban.com/people/W3IQ7/,2017-08-01 22:40:03,96
" 中英合拍框架第一部，除结尾讲了几句城市和人类以外都是动物世界。比起陆川的我们诞生在中国，更注重细节画面捕捉，而非拟人故事编写（虽然也请了严歌苓，但主要把关旁白）。蛇群捕食，棕熊蹭树，长颈鹿角斗，有几场戏的戏剧性不输商业类型片。成龙旁白的灵活调皮一定程度上弥补了普通话不标准的不足
        ",一只麦麦,https://www.douban.com/people/hexiaoqin/,推荐,61
" @大象点映。去非洲的机票啥时候打折...配乐实在是太太太好听了，严歌苓的脚本和成龙的旁白都很舒服。又为信仰充值了，跟《我在故宫修文物》一样有圈钱的嫌疑，我觉得应该是SMG拍了个开头和结尾，主干内容都是《地球脉动》的素材剪成的，所以强行塞入的熊猫才显得那么违和。
        ",m89,https://www.douban.com/people/duzhouchi/,2017-08-05 16:50:15,67
" 很多神奇的瞬间，记录的素材，剧情的处理。
        ",桃桃淘电影,https://www.douban.com/people/qijiuzhiyue/,推荐,28
" 除了成龙那一口不够标准的发音，其实他的旁白也还行，不过不失，有些拟人的处理很有意思。配乐也实在太满了，若是多留些环境音，影院的视听效果会更身临其境。
        ",妙可中国,https://www.douban.com/people/53869175/,推荐,14
" 天啊海鬣蜥怎么这么丑萌！我第一次知道这种动物（见识没救），第一眼就被它的丑（审美没救）整个人萌炸了...这类“育儿向动物拼盘龙标纪录片”近几年同质化严重，几乎一模一样思路下，这部胜在制作更精良、视野更宽广，但内容却更无纵深可言。不过对于我这种迷信生物圈的人，真的可以在电影院看到死...
        ",徐若风,https://www.douban.com/people/ruo1996/,推荐,10
" 长颈鹿的打架方式让我大开眼界啊！！！
        ",抒情小贼,https://www.douban.com/people/152085580/,力荐,19
" 小孩儿太多，小孩儿不好好看，带小孩儿来干吗？这不是动物世界，这是自然景观和万物生灵。BBC的功底毋庸置疑，但是编剧的作用约等于零。不计较现成的地球脉动素材，那么明确的主线，却呈现出如此碎裂，平淡，无序的情节也是失望。最后，旁白为什么要用成龙，太不合适了。
        ",影随茵动,https://www.douban.com/people/zhangaiyin/,还行,39
" 点映场赶上都是小朋友，所以观影气氛好好啊哈哈哈，和小朋友一起认动物，被锦蛇追捕的海鬣蜥是最精彩的，斑马过河招摇过市还要躲避猎豹河马，白头叶猴带着孩子回家就很辛苦了，帽带企鹅捕食回家能从茫茫人海认出自己的家人也是厉害，熊猫可能是命最好的动物了吧 
        ",GDY,https://www.douban.com/people/130718958/,推荐,47
" 真的超级神奇哎，音乐画面都特别好看。
        ",嘣豆子,https://www.douban.com/people/138203942/,推荐,38
,,,,
,,,,
" 。蜡笔小新出一部，我就抄一部....请看蜡笔小新之b级美食。。。
        ",三观不正常节操,https://www.douban.com/people/152544991/,很差,221
" 图图还是那么可爱！！！
        ",桃花渐暖年岁闲,https://www.douban.com/people/125714000/,推荐,59
" 大耳朵图图，儿子看了很认真～剧情有点讽刺～前面有点无聊，后面挺不错～有教育意义，连小孩子的动画片都比我的前半生正能量的多～
        ",岁月是朵两生花,https://www.douban.com/people/162703613/,推荐,53
" 童年系列，国产动画就喜欢图图。
        ",半城风月,https://www.douban.com/people/92463984/,推荐,53
" 电影里投射了这个社会的焦虑，比赛里两个家庭的对抗，实质是精英家庭与寻常家庭的对抗，更是社会的大缩影，作为动画，图图家必须要赢也一定能赢，可是现实呢？？差距越来越大，越来越被撕裂的社会里，每个人都日益在煎熬……
        ",古力,https://www.douban.com/people/Gu_li/,还行,26
" 图图还是很可爱的，剧情对小朋友来说也不错
        ",可缓缓归矣,https://www.douban.com/people/75381431/,力荐,49
" 美食多多就是吃咯
        ",工藤新一,https://www.douban.com/people/158195982/,推荐,15
" 简简单单的欢乐，很适合小孩子
        ",红藕香残玉簟秋,https://www.douban.com/people/127437486/,还行,37
" 吃吃，我们就是吃吃，图图真的太萌了，这个小孩子看还是挺适合的，后面也有教育意义
        ",凤卿尘,https://www.douban.com/people/121579323/,推荐,52
" 翻斗花园还缺住户吗？ 真羡慕图图一家
        ",略略咯,https://www.douban.com/people/126877536/,还行,61
" 图图系列动画电影，孩子肯定会很喜欢了
        ",F班的袁湘琴,https://www.douban.com/people/161206792/,推荐,24
" 小时候特别喜欢看图图，现在看也挺有意思的，放松心情
        ",趣多多配红茶,https://www.douban.com/people/158802161/,力荐,37
" 　　糊涂又贪吃的幼儿园小朋友胡图图，对“吃”有着无与伦比的执着，他的梦想是吃遍全世界的美食。图图的妈妈却因为儿子“一无所长”而大伤脑筋。在望子成龙的妈妈引导下，经不住美食诱惑的图图，踏上了艰难的“小小厨神”比赛之路。经过层层考验，并不被主办方看好的平凡小孩胡图图通过奇思妙想，出人
        ",可爱多,https://www.douban.com/people/142335389/,推荐,1
" 童年啊！
        ",蚂蚁牙黑,https://www.douban.com/people/127589017/,推荐,7
" 武宁路桥
        ",獨孤島主,https://www.douban.com/people/jywpl/,还行,0
" 结尾致敬了爱乐之城开场
        ",大瘦瘦,https://www.douban.com/people/shoushouan/,较差,3
" 图图一家用天真对抗世俗世界。
我从小就喜欢图图，这次和朋友去看电影也是为了一种情怀。
今年是上海美影厂60周年庆，祝这个出品了《大耳朵图图》《葫芦兄弟》《黑猫警长》的电影厂生日快乐。
        ",笃定,https://www.douban.com/people/156250543/,力荐,7
" 算是国产良心了
                
                ",电影狂魔,https://www.douban.com/people/51087231/,还行,0
" 真是年纪大了，这种片子看不下去了
        ",无聊,https://www.douban.com/people/150948299/,很差,0
" 喜欢图图
        ",Betsy_,https://www.douban.com/people/156300545/,还行,0
,,,,
,,,,
" 文字和影像都太单薄，根本反映不出真实历史的万分之一。但哪怕只是撕开它的一个小口子，也足以令人动容了。
        ",孔鲤,https://www.douban.com/people/82880498/,力荐,243
" 难得的国产战争片佳作，居然排片这么少，典型被劣币驱逐的良币
        ",道心种魔,https://www.douban.com/people/162791396/,力荐,167
" 虽然质量上只有电视剧成色，但能够表现正面战场的殉国将领，已经很是难得，值得鼓励。主演白恩很像姚子青。
        ",。,https://www.douban.com/people/asuka77se/,还行,98
" 援军被消灭，姚子清率五百余人死守宝山殉国，吕星辰演护士曹素君，父子被飞机扫死，军人想摸她的手，誓死不走、红颜薄命悲哀；男主棋友李仲贤、李大成牺牲、死前敬礼尽量煽情，巷战沙场、坦克、长镜头剪辑蛮赞，但主旋律拍得保守、严肃、凝重、压抑，编得类似《建军》，愣苦大仇深悲壮，缺少精巧与细腻
        ",释凡,https://www.douban.com/people/seafans/,还行,52
" 你们的背后是你们的浙江、四川、广东。
        ",本来老六,https://www.douban.com/people/luoying6/,力荐,103
" 没有刻意的煽情，没有激昂的口号，没有跌宕起伏的剧情，质朴地拍了姚子青守卫上海宝山的七天，质朴中有真情。好些桥段赘余，女学生擦澡一段简直莫名，但整体还是瑕不掩瑜。在影院哭成狗。得知此片是一企业家为了宣传乡里英雄投资的，心生敬意。
        ",囧奔的熊猫,https://www.douban.com/people/57156775/,推荐,52
" 淞沪会战保卫宝山有死无生浴血抗战！姚子青将军万岁！！！600壮士万岁！！！
        ",lqr021213,https://www.douban.com/people/11786089/,力荐,100
" 成本低，画质是电影频道那档次的。剧情中规中矩，每个渲染的细节基本都能猜到导演会怎么用，但依然会被感动。这片子可以说它俗套，但没法说它不真诚不用心。导演并没有因为战史资料缺乏细节就胡来，在群魔乱舞的抗日神剧里，这是一部良心之作。遗憾是全片自始至终没有出现青天白日满地红的旗帜。
        ",海扬尘,https://www.douban.com/people/haiyangchen/,推荐,48
" 为了忘却的纪念。期待更多国军抗日 影视作品，但不要拍成抗日神剧。最近《见字如面2》下架，貌似与《冲天》中 的一 段故事有关。希望别又禁锢起来！
        ",游侠一笑,https://www.douban.com/people/BIANJU20170418/,还行,42
" 影厅里观众不多，抽泣声却不少。一部几乎毫无宣传，一个演员都不认识，一本正经的抗日片，真实的历史，而排片少得可怜。它与《军舰岛》有着相似的问题，煽情过度，可能跟导演是诗人出身有点关系。最荒唐的莫过于，片尾合作伙伴列表里豆瓣是首席推广平台，结果现在竟连评分都不能展示出来。
        ",暗夜精灵,https://www.douban.com/people/4415314/,推荐,47
" 守城七日，玉石俱焚，又一次献上了泪水。已很久没有这种个人名义的英雄题材战争片，毕竟原名就叫姚子青，何况还是一名国民党将领，更为难得。影片战争场面效果合格，有血有肉有帅地描写了国军爱国将士们的鲜活形象，同时比较正面客观描写了作为敌方的日军形象，不煽动不丑化，也是创作成熟的象征。
        ",声色画报,https://www.douban.com/people/24274750/,推荐,32
" 大和?武藏?这是一九三七?不是我军不努力，奈何日军有高达啊。没想到这么多年了，大陆最好的抗战电影依旧是南京南京。就是个电视电影的水平，人物没根，脸谱化，换身皮一样能表现八路
        ",癸道,https://www.douban.com/people/ukawashou/,较差,16
" 特效战争场面做的都很好。题材选的也棒，细节做的不错，国产战争片里算很棒的了。
        ",狂飙突进小青年,https://www.douban.com/people/sturm/,推荐,37
" 希望有几个日籍演员
        ",语则则,https://www.douban.com/people/yuzebt/,2017-09-13 21:49:31,11
" 不知道怎么说，说不出哪里好也说不出哪里不好
        ",bobo弧度,https://www.douban.com/people/49862858/,还行,21
" 非常期待的电影，但是制作比较平庸，录音很差，可能是为了掩盖录音的失误，所以后期音效和配乐很强势。前面的节奏比较尴尬，剪辑也有点失误，但是女主角死后的几十分钟还不错，尤其是雨夜到巷战的戏很不错。从片头信息来看只是一个工作室加一个影视公司做的，能这样已经挺不容易了，支持一下。
        ",大爷,https://www.douban.com/people/47367894/,还行,17
" 从雨夜到巷战，哭肿了眼。“我们身后，就是你的浙江，你的贵州，你的江西，我们的广东和你们的四川。今天守卫的是宝山，捍卫的是国土！”姚子青与六百壮士永垂不朽！由此上溯到一千八百四十年，从那时起，为了反对内外敌人，争取民族独立和人民自由幸福，在历次斗争中牺牲的人民英雄们永垂不朽！
        ",Dagny,https://www.douban.com/people/chanel0214/,推荐,22
" 难得好的战争片，与大兵有一拼
        ",jasper的迷姐,https://www.douban.com/people/159306302/,推荐,29
" 排片量少得可怜，得，就当一个人包场看~ 这段历史应该被铭记！小成本电影，没有流量明星可宣传，诚意之作，瑕不掩瑜，值得看。
        ",重案组李Sir,https://www.douban.com/people/lzannie823/,推荐,41
" 听枪声就知道是那种电视剧级的，题材很好
        ",Mix Lee,https://www.douban.com/people/155878018/,还行,17
,,,,
,,,,
" 想求王珞丹不要再在男人电影里出现了
                
                ",琦殿,https://www.douban.com/people/yyy18n/,2015-08-29 22:36:08,3909
" 华语犯罪题材能做到这个程度真的很难得，非主旋律，有案件做驱动。角色的深度，人物关系的张力都很吸引人。最后高楼追逐一场绝对够紧张，满场尖叫。遗憾就是略长，最后有点太想铺人性了。在国产院线片，能触碰这么多禁区，也不容易。有一个相对类型的包裹，又有颗文艺的心。还不错。
        ",桃桃淘电影,https://www.douban.com/people/qijiuzhiyue/,推荐,3254
" 很想给四星鼓励，但无奈从郭涛露出纹身那一刻开始往后的大部分情节在逻辑上特别是心理动机上都缺乏说服力或者足够的铺陈，再到最后出现第四人的反转和第三人的自杀简直把整个故事都摧毁了。导演可以有他的取舍改编考量但恕我接受无力。邓超强奸一个妈怎么就演变成了仨爸为了一个娃而死去活来？【中华】
        ",我要去荷兰,https://www.douban.com/people/Uvo/,还行,2784
" 段奕宏深柜，王珞丹莫名其妙、二楼房东莫名其妙、真凶莫名其妙、高虎跳海莫名其妙。。
        ",机器米,https://www.douban.com/people/newills/,还行,2579
" 表演很好，但最大败笔是犯罪动机及其后种种行为全都解释不通。这哪里是罪犯，简直是感动中国候选人物事迹展播。@解放碑UME
        ",慢先森,https://www.douban.com/people/mr.slow/,还行,2447
" “法律，是介于神性和动物性的合体。它非常可爱，它知道你好，又限制你没法恶到没边儿。哪个人心里没有那么点脏事儿…” 曹宝平再次屌炸天，整部片子除了结尾就是满分，高楼戏手心冒汗异常紧张，2015华语片十佳备选。“这么多年，其实每天都没指望还有明天。有些事烂肚子里，或许更有意义。”
        ",影志,https://www.douban.com/people/tjz230/,力荐,1882
" 段奕宏的眼神，深柜得动人。演得最好的犯罪分子，其实是真凶。看下来轻松自如，多数国产片看得想冲上去撕银幕。高楼戏拍的不错，三次坠落却大不一样，就是结尾那次中二了点。港片看多了的房东、据说乳贴上阵的王珞丹，还有不停地用普通话读【我干你母】，真是太不习惯了，求你们说闽南话好嘛。
        ",木卫二,https://www.douban.com/people/MovieL/,还行,1508
" 段奕宏也是喜欢邓超的吧！是吧是吧！从第一次救了邓超在楼下靠着摩托车等他那里就不对劲！一种直男间懵懂的好感！以及，撞见邓超搞基之后那场戏太萌了！尴尬美！一个大写的居委会大妈！
        ",黄青蕉,https://www.douban.com/people/sakimay/,推荐,1553
" 对段奕宏的喜爱上升到一个新高度，时而霸气警官时而居委会大妈反差萌，太帅了。
        ",唐小万,https://www.douban.com/people/imecstasy/,推荐,1335
" 单看某些细节不错，案件深入、高楼追逐、演员表演都是优点，在大陆警匪片领域有所突破。缺点是人物关联过于巧合（格局变窄），段轻松进入戒备森严的赌球场（站不住脚），窃听邻居交代不明，质问邓冒充gay（怕观众没看懂）等。广电结尾太渣（效仿《毒战》安乐死，为高虎刻意补拍的主观镜头煞风景）。
        ",大奇特(Grinch),https://www.douban.com/people/grinch/,较差,1186
" 手持摄影很有特色。男演员集体出彩。在现有审查体制下几乎顶到极限。作者风格和商业类型融合的很好，2015华语电影年度十佳。
        ",张小北,https://www.douban.com/people/xzfd/,推荐,1015
" 段奕宏就是Gay啊....段奕宏就是Gay啊....段奕宏就是Gay啊....（重要的事情说三遍）...
        ",朝阳区白百合,https://www.douban.com/people/50060410/,还行,933
" 广电总局翻身之作
        ",blue三点,https://www.douban.com/people/puggy/,推荐,945
" 人物和故事都呈现出二流TVB剧的白痴化状态，更令人崩溃的是，犯罪剧不拍人性恶却反倒一个劲的扬善塑造英模，那还不如直接去拍主旋律。
        ",LOOK,https://www.douban.com/people/2049622/,很差,821
" 高楼戏有加分，但整个剧本跟人物走都得太磕磕碰碰。李米的毛病在这部里变本加厉，剧本的所有转折，几乎全部都依赖巧合，台词屡次出现重大失误。关于同性的取舍完全变成了笑点。最后的反转为了制造戏剧感已经不管逻辑了。结尾整个事件的落脚点全放在对女孩的爱上，但前面完全没写出任何牵扯。
                
                ",小猪大侠,https://www.douban.com/people/2476748/,还行,716
" 资料馆2015.8.19.6pm 周迅亲来帮忙宣传。手持镜头和卡得很小的景别在前段制造了一种巨大的压力，在天台港片戏后就松掉了。模仿了下杀人短片。评书和监听房东都无故消失、王珞丹的感情线毫无必要，影片完整性大打折扣。父亲归来、父亲必须死，只为了女孩不受伤害的记忆，剧情怪异到只能当政治寓言看。
        ",xīn,https://www.douban.com/people/caesarphoenix/,还行,556
" 很失望，虽然之前也没多期待，但真觉得中国观众有时候挺容易被满足的，如此平庸的电影也能被捧上天。作为侦探片从一开始就失掉悬念不说，各种巧合狗血情节层出不穷。作为警匪片，场面调度和画面节奏都太国剧，更别提探讨什么人性了，除同性噱头在国内难得见到外一无是处的片子。
        ",纬誺,https://www.douban.com/people/50900048/,较差,554
" 原著非常狗血，任谁改编都是个挑战，有些问题都是先天性的，比如显得刻意的戏剧情节。类型片化娱乐性兼顾的尝试，剪辑还有点笨拙，总是剧透或解释太多等等，不过能看到以角色驱动的的故事，还那么基情四射，也是够醉人的，剪辑非常的凌厉精准，是部很娱乐的上乘之作！★★★☆
        ",亵渎电影,https://www.douban.com/people/zhangzongqian/,还行,455
" 前面确实好看，后面就乱了，什么天台追凶意外反转，最后还强制温情洗白；真的有种看星际穿越的感觉，这么好的冷血式题材呢，讲什么不好，最后啥都没有就是智商80的父爱……逗我。感觉导演有点拎不清定位。
        ",阿暖,https://www.douban.com/people/phoenix43/,还行,296
" 思明区群众协助西陇片警破获暗藏七年的重大历史遗留案件。万万没想到与台胞伪装基佬的派出所临时工、厦门做好事不留名的的士雷锋师傅、以及金元岛超高智商智障竟是罪魁祸首。结尾的马普供述居然联想至李米的昆明天桥伪纪录片自白。曹究竟是念旧之人，保持其内地绝对一流类型片导演水准。
        ",水怪,https://www.douban.com/people/shuixia1825/,推荐,330
,,,,
,,,,
" 1.新版主要目的是延长版权保护期2.真正3D化的《渔童》已经失败了，本片采用3D分层技术可谓尊老又创新3.原版的画面色彩得到极大修复4.新版配音比原版差太远5.新版对配乐的处理失当6.新版删简了若干情节7.怒赞五分钟的片尾，投以最热烈的掌声8.新版画面配上原版声音，就会是部经典中的经典！【厦门思明】
        ",我要去荷兰,https://www.douban.com/people/Uvo/,推荐,131
" 宣传很有问题，进场前大家都以为又是个恶心的翻拍，看了几分钟才发现完全就是那些年，我们一起看过的那部动画片的修复重生版。然后就如痴如醉的抖着脚又重温了一遍。
        ",荔枝超人,https://www.douban.com/people/richer725/,推荐,90
" 期待3d魔方大厦3d三个和尚3d九色鹿3d天书奇谭3d舒克与贝塔⋯⋯
        ",RAY,https://www.douban.com/people/2485936/,很差,87
" 贬低本片就是对中国老一辈动画艺术家的不尊重
        ",雷力疯行,https://www.douban.com/people/51291242/,力荐,101
" 除了片名叫做3D版，没发现还有哪是3D的，哦片尾也是。这片好难评价，就是把原版重新包装一遍弄出来，换一群人再配一遍音，陈佩斯的土地公最有味道。托塔天王、哪吒的配音都不喜欢。冯小刚配的太上老君就像个小流氓。在影院看这个还是蛮激动的，只是3D就算了，倒不如再看一遍原版
        ",桃桃淘电影,https://www.douban.com/people/qijiuzhiyue/,很差,46
" 原版修复值得赞赏，片尾上美厂黑白旧照与一大串外国人名的同时出现，让我感慨万千。但是，3D做法简直顾此失彼，如同当年彩色电影诞生之初为经典黑白片上色的蠢事。中国传统绘画的谐和、工整、伦理化的整体布局被突出的3D前景夺去画面视点，致使场面调度的构图失衡降效。对于所有翻版3D均应考量此
        ",向阳花,https://www.douban.com/people/sunflower0204/,还行,56
" 心目中儿时印象全毁了！还3D呢，用QQ影音转换个3D，效果都比这个立体！以前细腻的画风全被3D技术毁了，配音和配乐更是鸡肋的让人蛋疼，唯一的亮点就是最后那5分钟。一群明星配音就说明制作方对自己的这次抢钱行动没有信心，用了一群明星，片子照样烂的掉渣！3D啊，因为3D票价高嘛？★
        ",亵渎电影,https://www.douban.com/people/zhangzongqian/,很差,45
" 冷饭也要有个限度
        ",恒w恒,https://www.douban.com/people/3936657/,很差,35
" 所谓的3D效果就是给原动画进行了分层处理，但人物还是2D，这种观感略微奇怪，像在看剪纸动画，一层一层的。除去3D和配音，基本和当初的原版一样，你会惊叹那个年代上影老艺术家们对人物神态动作的把握和对话拿捏的程度，那些包袱即便我看了很多次，在今天重看，还是会发自内心地笑出来。
        ",山人阿苍苍,https://www.douban.com/people/Kiddieyi/,还行,27
" 保险起见还是先给个一星比较好
        ",[已注销],https://www.douban.com/people/yangtuo2/,很差,19
" 原版是经典，3D是鸡肋，只有片尾是真3D。新版配音方面值得一提的是，孙悟空骂马天君是“神马东西”倒是很贴切；陈佩斯的土地老一醒鼻涕让我想起了小品《吃面条》。
        ",大奇特(Grinch),https://www.douban.com/people/grinch/,2012-01-11 13:29:33,13
" 电影史上最出色的动画片之一，要重新投放市场，找明星重新配音，虽然觉得没啥必要，但配得也不差；3D化，虽然戴不戴眼镜没啥差别，不过最后字幕的3D效果说明这片明明可以很好的3D化的；但是你要把它宽银幕化，不是这样干的！丫的把1.33改成1.85，硬把人脑袋都砍了一半。文化基金500万
        ",本南丹蒂,https://www.douban.com/people/unicornwoo/,很差,14
" 原作是天宫神作，3D版是地狱作，看完之后心在滴血。画幅纵向比没有变化，横向加宽造成了画面空很多，构图被彻底改变；原版京剧配乐与画面结合完美，新版去掉很多，音画配合效果大减，新增音效更无效果；有些颜色不可乱用，尤其是桃色，在原片中非常多，且因年代久远而有的vintage感与新增颜色彻底分裂
        ",妖灵妖,https://www.douban.com/people/film101/,很差,5
" 豆瓣观影你们……被骗了……是2D的，连3D眼镜都没给我们……还纠结了半天：难道是裸眼3D，木想到就是给我们看的2D啊！！！！
        ",塔卡纳马塔塔,https://www.douban.com/people/patient334/,推荐,2
" 3D泥煤！
        ",江浅,https://www.douban.com/people/4405895/,较差,1
" 很想给五星来着 但是这3D太不给力了 你以为要扑面而来结果她就嘎然而止还莫名消失  只有片尾是真美可以做贺卡……
        ",T.V.Zoe ி,https://www.douban.com/people/T.V.Zoe/,还行,1
" 这个3D确实勾起了我年少的回忆，不是关于此片，而是那种折叠的贺卡，一打开有几层。就这个技术制作了好几年？国产技术你能不能给点希望？？骂归骂还是希望此片票房能超过什么喜洋洋，要不然太尴尬了，可是影院里又看的哈欠连天昏昏欲睡，真不给力！照这个和谐法，孙猴子被禁的那天不远了。
        ",麦克阿瑟,https://www.douban.com/people/m37157/,还行,1
" 这个配音阵容，我想知道都谁配谁啊……
        ",知心姐姐卢先生,https://www.douban.com/people/woodyallen_1935/,2011-12-15 19:27:59,12
" 每个人心中都有一个孙悟空
        ",邪小人,https://www.douban.com/people/zengyu/,还行,2
" 我没看过这3d版的。
        ",瓦达西瓦又又又桑只爱这巧克力,https://www.douban.com/people/yoyoyoyoyoyoyo/,很差,0
,,,,
,,,,
" 和当时的男朋友看的第一部电影。不会忘记他在黑暗中一次次望向我，小心翼翼怕我觉得无聊的眼神。电影，我请的，这哥们结账掏钱包太慢
        ",芋头,https://www.douban.com/people/myfriendyutong/,还行,910
" 剧情无脑又中二不必说了，重点是观影过程太尬了：第一次在影院看这么宅的电影，出字幕后根本没人退场！回头看全场都是死宅，百分之八十是男性、年龄单一，齐刷刷在等彩蛋。任何情节身旁的人都能“吃吃”的笑出声，看到福利处更是全场爆炸，路人想假装没看见的机会都没有……
        ",路西法尔,https://www.douban.com/people/luxifaer/,还行,339
" 东工大的朋友们，等着你们开发出AR美少女啊
        ",紫苑寺星流,https://www.douban.com/people/crosssli/,力荐,225
" 很适合大荧幕看的动画，BOSS战集大成让人鸟肌。找回SAO时代的记忆当然是很重要的呀，不然和亚丝娜做过的这种事和那种事都忘掉了怎么行！还有会唱歌能舔的AI美少女偶像 这个剧场版真的是太好看了（不对
        ",efuchan♡,https://www.douban.com/people/natsukitohno/,力荐,212
" 日本对于AI、VR的讨论着实走在其他同行的前列，怎么以个体的力量对抗某种虚拟的霸权，怎样不让欲望侵蚀造福人类的本心，继《夏日大作战》之后又一部令人热血沸腾的虚拟世界故事。相比只是在游戏框架下卿卿我我的《微微一笑很倾城》，不能不说，段位高。
        ",栗色雪,https://www.douban.com/people/tildali1214/,推荐,153
" 剧场版么，就是相干的不相干的人都要出来，组成主线也好，打个酱油也好，就像球赛的全明星赛，只是给观众个热闹。当个正经电影看就算了，无非一个情怀罢了。片尾彩蛋说刀剑要回归了，估计就是第三季uw篇，那时亚丝娜要沦为路人甲了，所以提前给个剧场版安抚一下亚丝娜的粉丝么。还是讨厌后宫番啊讨厌
        ",脸冢富士,https://www.douban.com/people/67863828/,还行,153
" 繪柄幾乎只有電視等級，原畫只在澤城美雪出現的幾場戲才會出現與劇場版規格相應的細膩，強烈懷疑這不是巧合…..
        ",焚紙樓,https://www.douban.com/people/80722428/,较差,70
" 比较粉丝向的片子，对这个系列没感情的观众，莫名其妙看这么个无趣的东西也是心塞，剧情没什么吸引力，动作场面也不太行，设定也比较一般。看前情回顾，感觉上一部的设定似乎更有趣。
        ",桃桃淘电影,https://www.douban.com/people/qijiuzhiyue/,较差,51
" 打的还挺炫的，但不知道为什么就是给人又臭又长的感觉，中途大家都出去上了很多次厕所（这个不是比喻）。美国动漫宅男真讨厌啊，又吵又臭，一直在各种嘲笑桐人，虽然我也有点忍不了他吧……大概就是老外也觉得此剧很雷，但不妨碍不算少的人在上映了这么久的工作日的上午去影院吐槽它。
        ",simonfaye,https://www.douban.com/people/simonyao/,很差,58
" 部分画面有点崩，总体来说不错，这份狗粮吃了！100 层 boss 是数据膨胀的受害者；博士一定是个强迫症；妹妹全程酱油；伪外挂最后被真外挂砍了；虚拟的刀剑、场景和 boss 如何实现碰撞体积？
        ",Zx.MYS,https://www.douban.com/people/zxmys/,还行,82
" 没看过第一季真的没有代入感，二次元不适合没有基础的老人看，中间睡着了…
        ",刘小黛,https://www.douban.com/people/darlingtudai/,2017-09-15 22:42:33,13
" 1.不止描绘英雄的爱情，也刻画了loser 的爱情；2.虚拟偶像、偶像，追星无处不在；3.曾经我们抽空遁入虚幻，如今我们偶尔看望现实。
        ",有意识的贱民,https://www.douban.com/people/kejinlong/,还行,9
" 如此熟悉的套路，但我还是陷进去了
        ",雄一样霸天下,https://www.douban.com/people/questwoo/,推荐,66
" 最喜欢看桐亚了，壮我大刀剑
        ",uydbejhzisoma,https://www.douban.com/people/130451028/,力荐,74
" 依然是经典的娱乐伪装下的赛博科幻深沉主题，SAO的最大优点就是能把很多经典科幻都难以言喻的玄得乎的科幻核心与技术哲学人文关怀落到最日常、最细腻的实处，这部剧场版也不例外
        ",梦羽灵泉,https://www.douban.com/people/38012408/,力荐,25
" 情怀分给你。最终 Boss 战梦回两年前的第一季，当时真是一不小心就看得鸡皮疙瘩，桐人连续技从天空把火精灵族长砍爆的场景永远不会忘记，燃到极点… 
        ",麥町呲溜变向,https://www.douban.com/people/udonmai/,推荐,61
" 影院中尴尬看完
        ",巫眠,https://www.douban.com/people/sirene/,2017-06-02 06:22:07,20
" 想不到日本在Virtual Reality和Augmented Reality方面已經出了這麼棒的電影了～對比感覺天朝還是在炒作概念也是real落後～唯一接受不了的是二次元裡千奇百怪花裡胡哨發色各異的女生造型～PS：OST也超讚,邊看邊聽還邊用Shazam在聽歌識曲～
        ",Dilettante G,https://www.douban.com/people/live4liberty/,推荐,9
" 之前完全没了解过 看下来有点费解但也能懂 觉得最大遗憾在于经费燃烧的点不太对 100层大boss对决完全是靠不成熟的快剪来硬砌激烈 挺粗糙的 细节化多几成心血下去更好。特别指出 这爱情线很是喜欢 双方不为了谁而盲目单干 两夫妻同心协力共同进退战胜困难 这狗粮有营养 我干了！
        ",喜悦姑娘的猫儿,https://www.douban.com/people/69475039/,较差,13
" 你们的精彩，我实在不懂。
        ",麦小白,https://www.douban.com/people/MagicK/,较差,11
,,,,
,,,,
" 首映礼看的。太恐怖了这个电影，不讲道理的，完全就是吴京在实现他这个小粉红的英雄梦。各种装备轮番上场，视物理逻辑于不顾，不得不说有钱真好，随意胡闹
        ",俏皮面,https://www.douban.com/people/z286424115/,较差,26452
" 吴京的炒作水平不输冯小刚，但小刚至少不会用主旋律来炒作…吴京让人看了不舒服，为了主旋律而主旋律，为了煽情而煽情，让人觉得他是个大做作、大谎言家。（7.29更新）片子整体不如湄公河行动，1.整体不够流畅，编剧有毒，台词尴尬；2.刻意做作的主旋律煽情显得如此不合时宜而又多余。
        ",Criminal001,https://www.douban.com/people/59550305/,较差,24084
" 15/100吴京的冷峰在这部里即像成龙，又像杰森斯坦森，但体制外的同类型电影，主角总是代表个人，无能的政府需要求助于这些英雄才能解决难题，体现的是个人的价值，所以主旋律照抄这种模式实际上是有问题的。我们以前嘲笑个人英雄主义，却没想到捆绑爱国主义的全能战士更加难以下咽。
        ",SELVEN,https://www.douban.com/people/SELVEN/,很差,16599
" 凭良心说，好看到不像《战狼1》的续集，完虐《湄公河行动》。PS：我也是醉了，那些说吴京角色打不死的，我想问你们哪部商业动作片没有个人英雄主义的，真为你们感到丢人。
        ",谢谢你们的鱼,https://www.douban.com/people/reave/,推荐,33898
" 《血战钢锯岭》中国人也会觉得好看，因为它歌颂的宗教情怀是超越政权的；但当你只想歌颂一个政权时，很明显就低了一个层次，甚至充满了现实乃至投机的考量，高下立见
        ",古尔齐亚,https://www.douban.com/people/gorfee/,较差,12436
" 犯我中华者，一定要诛吗？
        ",武侠小王子,https://www.douban.com/people/china-undead/,较差,10983
" 赵东来：达康书记，我们接到在非洲卧底的冷锋报告，丁义珍现在非洲，我们请求抓捕。李达康：东来，这件事先不要声张，特别是别让省厅知道，就你和我一起去非洲，加上冷锋同志，三人逮捕丁义珍。这次行就叫战狼2吧
        ",盲匪,https://www.douban.com/people/140007986/,力荐,15774
" 开篇长镜头惊险大气引人入胜 结合了水平不俗的快剪下实打实的真刀真枪 让人不禁热血沸腾 特别弹簧床架挡炸弹 空手接碎玻璃 弹匣割喉等帅得飞起！就算前半段铺垫节奏散漫主角光环开太大等也不怕 作为一个中国人 两个小时弥漫着中国强大得不可侵犯的氛围 还是让那颗民族自豪心砰砰砰跳个不停。
        ",喜悦姑娘的猫儿,https://www.douban.com/people/69475039/,推荐,18428
" 下一部拍喜剧吧，整个片子真感觉挺搞笑的
        ",二师兄,https://www.douban.com/people/71288514/,较差,8710
" 三星半，实打实的7分。第一集在爱国主旋律内部做着各种置换与较劲，但第二集才真正显露吴京的野心，他终于抛弃李忠志了，新增外来班底让硬件实力有机会和国际接轨，开篇水下长镜头和诸如铁丝网拦截RPG弹头的细节设计都让国产动作片重新封顶，在理念上，它甚至做到《绣春刀2》最想做到的那部分。
        ",法兰西胶片,https://www.douban.com/people/flxjp/,推荐,14040
" 爱国没问题，问题是人们在一部虚构的电影里感叹：祖国真的强大了！——这不是意淫是什么？
        ",比河更长更舒缓,https://www.douban.com/people/kingcopushu/,很差,7131
" 片头海里那场动作戏看完就呆不下去了，太假太做作，提前离场。
                
                ",格拉比,https://www.douban.com/people/2403953/,很差,7547
" 说喜欢这部片子的人不是装傻就是真傻，要不是真的没有别的可看肯定是不会选这部的，直男癌到令人发指，所有剧情走向也完全是九十年代那套照搬，审美这件事儿真不是一时半会儿能培养出来的。
        ",CobraCB,https://www.douban.com/people/CobraCB/,较差,6673
" 开头的水下长对决戏可算华语电影的顶尖存在；驱逐舰、导弹和坦克在商业片里这么狂用也是了得；镜头运用和笑点插入都很好莱坞爆米花，不功不过；从头打到尾是真拼，虽然镜头也有略乱时；因为没啥期望值，所以被吴京的野心吓了一跳；吴刚、于谦和丁海峰老三位像炖烂熟的牛筋，嚼着就舒服。
        ",张佳玮,https://www.douban.com/people/zhangjiawei/,推荐,7729
" 这部戏让人看的热血沸腾，对吴京路转粉，最后的彩蛋，让我们没有理由不期待下一部。
        ",九幽第一少,https://www.douban.com/people/153408545/,推荐,12399
" 目瞪狗呆！太瘠薄好看了！中国人牛b就是硬道理！（别再用标记日期骂我了朋友们  北京时间23号晚上首映礼看的我谢谢你们 啊哈哈哈哈哈
                
                ",虎哥,https://www.douban.com/people/57460299/,很差,4758
" 就是一部爽片，打戏挺燃，但是故事一般。达康书记不合适这个角色，赵东来倒是很合适。张瀚太太太违和了，分分钟穿越回偶像剧。
        ",丝米,https://www.douban.com/people/90529771/,较差,5612
" 扪心自问这种电影真没法评价，全片靠动作戏撑完，文戏都是扯淡，女主角毫无存在的必要，故事不需要逻辑只要主角开挂，但牛逼之处在于全片都透露着极强烈的爱国主义光环和意识形态枷锁，在祖国面前，一切反动派都是纸老虎，所以战狼一个人开挂团灭一个连都是合情合理的，动作戏还不错，挺用心，两星鼓励
        ",搬砖侠,https://www.douban.com/people/zhangfan187/,较差,5458
" 吴迪塞尔如入无人之境，7亿大陆直男在这一刻集体勃起。心往一处想，劲往一处使，你就能离开影厅不是个屌丝了？
        ",杨清宇,https://www.douban.com/people/47227767/,较差,3943
" 心往一处想，劲往一处使，就能实现我们的梦想。看吧，比第一部好太多了。谢谢美队的动作指导。
        ",结冰,https://www.douban.com/people/caiyanbin/,还行,3944
,,,,
,,,,
" 养赛狗的那个大哥实在是太帅了，大金链子小手表，还穿个貂，一言不合就把枪。
        ",pillbug,https://www.douban.com/people/pillbug/,还行,51
" 没有想象的那么差，动作戏是一般了点，但多次反转，剧情紧凑，虽有老梗，但都说的过去。有模仿《谍影重重》的嫌疑，换成了女性主角，但废话不多，干净利落，这样的悬疑动作片，可以给我多来点~
        ",潇雨,https://www.douban.com/people/54998502/,还行,26
" 包场！劳米最后这一刀是龙纹身女孩角色代入吧
        ",恶魔的步调,https://www.douban.com/people/Len./,还行,5
" 真不行啊！一会儿布鲁姆救女一，一会儿他成坏蛋，一会儿道格拉斯是被枪毙，一会儿他又是总boss，还有电梯里养狗那暴力男，好假啊！枪战与制作倒是专业水准，剧情太刻意为之
        ",释凡,https://www.douban.com/people/seafans/,还行,9
" 情节太过混乱，看懵了
        ",红藕香残玉簟秋,https://www.douban.com/people/127437486/,较差,9
" 有点儿女版伯恩的身份的味道，就是动作方面没法和男士比较，几位老戏骨的表演都不错。
        ",Carf,https://www.douban.com/people/4340710/,推荐,7
" 一星给开花被狗咬死
        ",Merov Mugatu!,https://www.douban.com/people/merovingianeven/,很差,4
" 阵容快赶上（超过）《谍影重重》系列了，风格也的确有《谍影重重》的影子，然而拍的实在太俗套了，相信这样的特工故事大多数人都能烂熟于心，而将片中特工的身份置换成女性却也丝毫无任何创新，这才是最可怕的。开花和一众戏骨甘心打酱油让人只觉暴殄天物，朱莉的那部《特工绍特》可轻松秒掉本片。
        ",痞影人科莱昂,https://www.douban.com/people/pirealwei/,较差,10
" 智商不太行，但演得还不错。Michael Apted 还是拍纪录片的好。
        ",vivi,https://www.douban.com/people/vivifyvivi/,还行,2
" 剪辑制作上都是很棒的，但是剧情设置上有一点儿乱。
        ",不懂相负,https://www.douban.com/people/77161027/,还行,1
" 电影很赞 我想说的是 成都首映环球中心9月9日坐在最后一排给我换了位置的那个姐姐 你老公在和一个叫“按摩小刘”的lady邀约下周去她那里按摩，希望你看到！
        ",老唐不吃四季豆,https://www.douban.com/people/52190451/,推荐,380
" 背后大boss的出现其实还可以更假一点
        ",方枪枪,https://www.douban.com/people/yalindongdong/,较差,3
" 扫雷结束，开篇的动向还不错，后面越来越蜜汁走向
        ",glim,https://www.douban.com/people/glim/,较差,2
" 绿帽子……
        ",贝塔先生,https://www.douban.com/people/yahooor/,还行,0
" 劳米姐棒棒好一如既往酷~噢开花噢啊那小肚子假口音~中文字幕定位定得屎一样请问怎样投诉~
        ",深夜声咽,https://www.douban.com/people/sfroompp/,推荐,1
" 碟中谍的感觉，不过看看过瘾也还算不错！
        ",樱夏枫雪,https://www.douban.com/people/54131075/,还行,2
" Noomi Rapace太帅了！！！话痨开花一露脸一开腔忒有味道了！！Toni Collette的冷峻银发上司爆帅气！！！银发反派也好帅气！故事大纲没问题，但情节构思和设计经不住推敲，最后的反派就这样一秒被弄挂了？？！和幕后大boss的对峙也太简单了……印度小哥Akshay Kumar好帅好可爱！！长得好像Tom Kaulit！
        ",何婊砸,https://www.douban.com/people/RockerHo/,推荐,2
" 蔡国强先生在片子里讲了一件很小的事，但很有可能事关他对焰火艺术的着迷——他的父亲是个读书人，藏书甚多，时逢文革得夜间烧书，他帮着父亲一起烧——这种复杂的情绪而后延伸到了对烟火的释放。“天梯”是他的情感纽带，多少也完结了他的心结和对故乡及亲人的心愿。#很亲切，很服气#
        ",药师,https://www.douban.com/people/55937351/,推荐,136
" 总有些可爱的煞笔在一些不知道的地方做些混蛋事！艺术就是让你动容的东西，拥有感情的艺术才是艺术，只是单纯的美感，像糖水片一样无聊！
        ",阿席达卡,https://www.douban.com/people/81700350/,力荐,146
" 很幸运在机房看过原片，为了送审还翻译过字幕，来来回回看了十来遍，每一次都很佩服蔡国强的坚持，好的艺术家总要有种追求，如果再加上天赋，那当然是极好的
        ",谈谈谈,https://www.douban.com/people/4200326/,力荐,105
" 一个把天烧给奶奶看的人
        ",L O M,https://www.douban.com/people/4175111/,推荐,107
" 我的火光可以攀到宇宙的深处去，我自己只能留在地上品尝凡俗的甜蜜。
        ",哪吒男,https://www.douban.com/people/nezhaboy/,还行,67
" 拍纪录片是凯文·麦克唐纳的绝活了，他很擅长拍人物传记，这次拍的不仅仅是蔡国强，还有他为什么成为了今天的蔡国强。
        ",亵渎电影,https://www.douban.com/people/zhangzongqian/,推荐,66
" 第一个转折挺抓人的 越往后惊喜就越少了 不过能打是真的
        ",激动如胖大海,https://www.douban.com/people/andre_yxy/,还行,3
" 颇为可观
        ",獨孤島主,https://www.douban.com/people/jywpl/,还行,0
" 粗制滥造的流水线谍战片，所有的情节发展都老套，反转没有任何惊喜，反派都是弱智，电影前半段简直节奏处理的极为拖沓缓慢，动作戏方面也乏善可陈，整部电影既想保持东欧谍战片的冷色调质感，又想冒充好莱坞大片，精灵王子打酱油，但也架不住三流残次品剧本，这样的电影就算引进大陆也注定扑街，两星半
        ",搬砖侠,https://www.douban.com/people/zhangfan187/,较差,4
" 奥兰多老了，这次演的角色倒是蛮出彩的。#20170902
        ",huyouyou,https://www.douban.com/people/huyouyou/,推荐,5
,,,,
,,,,
" 泉州艺术家，将色彩药粉抛洒空中作画，火药燃痕绘制布画，挥洒恣意。《追忆》《慰藉》比《天梯》更加叹为观止。只是这么一个好题材由外国人拍摄，对艺术的探索家庭的挖掘浅尝辄止，留于浮表。就像里面提到的，艺术是自由的，但受到政治控制往往陷入桎梏。艺术如走失的蝼蚁，一旦过受关注就膨胀爆破。
        ",刘小黛,https://www.douban.com/people/darlingtudai/,推荐,35
" #2017SIFF#中规中矩，无功无过，拿了龙标，删了多少？「天梯」怎么看也不是个很难的项目，这么执念的解释竟然是童年记忆和家族承诺……当代艺术拎得也不够，艺术家和国家/政治的关系又没法大声说……
        ",胤祥,https://www.douban.com/people/yinxiang/,还行,31
" 说到底，蔡国强所取得的艺术成功，仍然是建立在这个消费主义的社会之上，大众对那些独偏事物的迷恋成就了他，不然他做的这些东西根本毫无意义。
        ",纬誺,https://www.douban.com/people/50900048/,还行,30
" #LFF#kevin的纪录片一直很像样，虽然文革之类的部分有一些刻意，但可以理解。看了片子之后对蔡国强有了更深的认识，很欣赏这种更愿意just express myself by art的艺术家。不装不高调不高冷，很有底子很厉害。
        ",SHINE,https://www.douban.com/people/67727072/,推荐,33
" 长街长，烟花繁，你挑灯回看，短亭短，红尘辗，我把萧再叹。花落肩头，恍惚迷离。多少红颜悴，多少相思碎，唯留血染墨香哭乱冢。—— 蒲松龄《聊斋志异》
        ",觑瞻橐龠,https://www.douban.com/people/quzhantuoyue/,力荐,34
" 他在仰望自己的作品时，依然有孩童式的惊奇。
        ",蜉蝣,https://www.douban.com/people/lephemera/,推荐,31
" 4.0。1.即便数十年都在爆破与呐喊中度过，但当面对某些不可说的真相时，也唯有沉默。2.蔡父文革烧书旧忆，切柏林爆破实验中火星乱窜的空屋，戳泪。3.于我而言，每一次狂欢告捷、烟火落尽之后的孤独，才是更多人需要抵抗的不安。
        ",陆支羽,https://www.douban.com/people/luzhiyu/,推荐,26
" 除却大艺术家的光环，纯粹的少年心智与梦想真美好。天梯项目终于实现后，妻子五味杂陈的泪水，给百岁奶奶直播的喜悦，还有回忆中从不给家用却留下珍贵藏书的父亲，四代同堂相依相守的片段最动容。值得玩味的一点是，身为中国艺术家只要与ZF合作，就免不了质疑与尴尬，是否也是被西方强加的“原罪”？
        ",broken flower,https://www.douban.com/people/christiechu/,推荐,22
" Sky Ladder: The Art of Cai Guo-Qiang (2016) 連接著大地與天堂，他的火焰，一個做了21年的夢，最終還是回歸了少年時代的質樸與真摯。
        ",iatefingers,https://www.douban.com/people/69432585/,力荐,17
" Psycho Qiang
        ",Yuruky,https://www.douban.com/people/yuruky/,推荐,15
" 纪录片还可以拍得更好一点，对这个片子不太满意。带有外国人的猎奇与固有印象。我觉得放蔡国强的作品的时候，尤其最重要的天梯时，不该配有那些劣质煽情的音乐，而应该让观众尽可能地听到环境声，而不要被音乐扰乱，使作品附加它本来没有的属性。喜欢蔡国强。也喜欢里面那个做小动物的艺术家。
        ",筱蕾,https://www.douban.com/people/47432514/,还行,16
" 小视角、小故事和普遍情感，最后的天梯很壮观，跟着艺术家在项目结束以后哭了一鼻子，太能体会这种项目完成之后的情感释放。但是扯政治有点生硬，可以扯得更好的。
        ",jellyfish,https://www.douban.com/people/vrux/,推荐,14
" 原來是秘密行動，那就更神了。天梯成功之後，圍觀的兩位阿嬤用閩南話對話，「阿強很厲害吼？」「嗯，平安就好」。（他也給我好多啟發，記一下
        ",林西拿,https://www.douban.com/people/milukulam/,2017-06-18 06:36:00,12
,,,,
,,,,
" “有屎没屎啊，有屎拉啊，别他妈瞅着，没屎滚犊子！”、“老九，他们想看俺腚！”这段全场笑喷啊，被辜负的小八的一生。观赏性娱乐性极强的电影，用现代的新鲜方式讲述上一辈的主旋律故事，徐克风混搭京剧调，超级英雄乱入红色经典。张涵予浑身精神气！
        ",影志,https://www.douban.com/people/tjz230/,推荐,1696
" 恭喜张涵予成功挤掉蔡依林成为新一季卡姿兰眼妆代言人.....
        ",朝阳区白百合,https://www.douban.com/people/50060410/,推荐,1027
" 一个字，尿性，毫无尿点！而且啊，在国片里，这3D也算是良心了！还有，完全可以按此思路拍个中国版妇联！
        ",恶魔的步调,https://www.douban.com/people/Len./,力荐,984
" 经典了，没啥短板，看得人不想走。唯一略觉的那啥的是末了三爷秀真爱和智商，捻溜还扛着女人，余男背上刺了藏宝图么 ？？
        ",饱嗝,https://www.douban.com/people/boks/,力荐,840
" 就一个字，合格的商业类型片，爽完了就忘。将抗日神剧套进好莱坞那套类型片的条条框框，节奏很流畅，现代戏很多余，也没什么能让人有印象的地方，倒是最后那场飞机戏有几个分镜头做的很有想象力和视觉冲击力，而且土匪窝里还拍出了一种武侠片的感觉，为了好看为了爽做了不少表面功夫。★★★
        ",亵渎电影,https://www.douban.com/people/zhangzongqian/,还行,621
" 【C+】大概徐克也觉得自己讲的太扯了，所以把结局改成了地道枪战，但老子花了那么多钱拍的飞机大战删了多可惜啊！于是又搞了个YY版结局。。。各种刻意制造3D前景（百分之九十都是木头)好出戏。张涵予念台词腔调太性感！
                
                ",掉线,https://www.douban.com/people/ballteda/,还行,463
" 英雄多义胆，战场似江湖。杨子荣仍是典型的“徐（氏）侠客”，于动荡时代游弋在官府与匪徒中间，快意恩仇，来去逍遥。革命样板戏的现代演绎，雪冷血热的地域情怀。在张弛流转的子弹时间里，雪橇滑索、飞机大炮都变得浪漫飒爽。商业片至此已经相当可贵，80后偶像明星毫不违和。
        ",一只麦麦,https://www.douban.com/people/hexiaoqin/,推荐,425
" 4.0。1.掷地有声徐老怪，激燃黑话满堂彩。2.众主角造型超酷炫，尤其座山雕。3.徐克玩类型片已然登峰造极，连改编红色经典都如此反骨，双结尾的过渡戏也很赞，有精神气儿。4.我的私人狂想：比如鹰嘴峰可化身巨型石鹰，比如雕变怪兽召唤群鹰，比如八大金刚变机甲；除了东北虎，可以再来只独角兽啥的。
        ",陆支羽,https://www.douban.com/people/luzhiyu/,推荐,437
" 无论是不是红色经典，重要还是有个冲突强烈的核心。打土匪，当卧底，放在什么背景下都能成立。徐克的成功在于，将这个熟悉的故事置入类型框架，有侠有匪，快意恩仇。其实跟徐克这几年的电影差不多，你不会觉得很差，但也真没觉得很好。当然，这仅是个人观感。硬挑的话，夹皮沟的对战算是个高潮。
        ",桃桃淘电影,https://www.douban.com/people/qijiuzhiyue/,还行,393
" 五分电影，可惜一颗老鼠屎坏了一星。我就是不喜欢这种旧现代结合，让人出戏的状态。
        ",苏筱兀,https://www.douban.com/people/lesc/,推荐,349
" 土匪最为义气且智商为零，絮叨犹豫之间保全了对方性命。徐老怪也开始玩彩蛋，且生猛冰冷。余男性感，看梁家辉变脸横枪毙命不过瘾。林海雪原梦终圆，撇掉些许侠客柔情应是一路向黑。开场韩庚僵尸脸突兀乍现好多人差点要退场(￣-￣)
        ",刘小黛,https://www.douban.com/people/darlingtudai/,2014-12-23 22:22:22,312
" “致203分队永不逝去青春”、“剿匪合伙人”、“那些年，我们一起剿过的匪徒”...枪战、打老虎、滑雪突袭夹皮沟、夜袭威虎山，彩蛋飞机鏖战，火爆感官刺激，剧情老套。杨子荣卧底够狡猾匪气，座山雕爱玩SM，林更新、佟丽娅、余男稳当，陈晓窝囊惨死，韩庚打酱油。狂虐敌人军团，感觉像徐克版《敢死队》
        ",释凡,https://www.douban.com/people/seafans/,推荐,283
" 不愧年度最期待，始终认为华语圈内老怪玩3D最有料，不玩叙事和结构花头噱头，红色经典还能拍成动作片；场面劲爆，身手不凡，不乏笑点，国人也能拍英雄片！虽走商业模式路线，那也得好看才成啊！关于我的两点乌龙：1、开场五分钟内严重怀疑自己走错场2、一直在嘀咕坐山雕是谁演的呀？
        ",欢乐分裂,https://www.douban.com/people/flowermumu/,推荐,289
" 好看！好看在于将十七年禁欲时代最具游戏感、动漫感和动作感的戏，放在新时代进行好莱坞式工业拼装，充分满足新一代受众的观影愉悦。不要小瞧任何版本和艺术形式，因为原作早已架构好原始的娱乐驱动，仅就奇观设置和叙事冲突而言，它是长盛不衰的。如果有机会，春节前回家带父母再看。
        ",shininglove,https://www.douban.com/people/2849243/,推荐,228
" 制作挺精心，没有什么大问题，除了首尾是败笔，去掉无疑会更纯粹。就是玩，玩土炮玩滑雪玩赤贫版七武士，玩黑话玩老虎玩二人转飞机坦克红色经典八个样本戏。只是，不少陈列展示的东西，更像为了检验徐克自个的玩心、技巧或特效水平，没有更好地融到故事当中，就像那个为了想象而想象的结尾。
        ",木卫二,https://www.douban.com/people/MovieL/,还行,253
" 完全没想到是个抗日神剧……徐克的3-D维持了上一部的水准。张涵予的台词和扮相都好差，杨子荣果然还是得姜文来演对么？不过拍得这么热闹又主旋律，江青老师泉下有知也会很欣慰吧哈哈。韩庚那段“相框”才是本片最重要的东西：它通过将红色经典转换为家族传奇/后记忆，而赋予了这个故事叙事合法性。
        ",胤祥,https://www.douban.com/people/yinxiang/,推荐,238
" 三爷真爱青莲，老八真爱老九！
                
                ",女下尉黛比,https://www.douban.com/people/fannyMa/,推荐,273
" 难看，实在看不下去。只想中途离场！
        ",水罂粟 [兽女],https://www.douban.com/people/poppyland/,很差,233
" 徐克发挥其八成半功力，被片头片尾的韩庚拉低。打虎和村庄保卫战很精彩，结尾太夸张太过
        ",zhang 2nd,https://www.douban.com/people/zhanger/,推荐,199
" 徐克的特色就是颠覆经典、开宗立派。样板戏被他用武侠、间谍元素搅合一番，人物个个掷地有声，“写实武侠”比过去又进一步。《七剑》里没玩成的《七武士》又被重玩一遭，难怪剧人中说：“上次躲家里全死光了”“这次不一样，有我们…”。现代戏只为广告植入吧？双结局设定是导演版与制片版的中衡吗？
        ",大奇特(Grinch),https://www.douban.com/people/grinch/,还行,156
,,,,
,,,,
